FULL NAME,TEAM,POS,AGE,GP,MPG,MIN%,USG%,TO%,FTA,FT%,2PA,2P%,3PA,3P%,TS%,PPG,RPG,TRB%,APG,AST%,VI,SPG,BPG
Arron Afflalo,Den,SG,25,69,33.5,69.6,14.9,0.092,163,0.847,379,0.546,248,0.423,0.62,12.6,3.6,6.3,2.4,11,5.7,0.49,0.45
Alex Ajinca,Tor,C,22,24,10.8,22.1,21.5,0.136,15,0.733,74,0.514,27,0.333,0.53,4.8,2.5,14,0.3,5,5.7,0.33,0.58
Al-Farouq Aminu,Lac,SF,20,81,17.7,36.6,17.5,0.183,119,0.773,263,0.437,143,0.315,0.499,5.6,3.3,10.9,0.7,6.5,5.3,0.73,0.31
Andrea Bargnani,Tor,C,25,66,35.4,73.3,28.3,0.103,350,0.82,949,0.471,223,0.345,0.532,21.4,5.2,8.7,1.8,8.9,6.6,0.52,0.7
Andris Biedrins,Gol,C,24,59,23.5,48.4,10.7,0.169,31,0.323,266,0.534,0,0,0.526,5,7.2,17.4,1,6.1,5.6,0.88,0.88
Andray Blatche,Was,PF,24,64,33.7,69.2,25.6,0.137,283,0.777,939,0.449,18,0.222,0.497,16.8,8.2,13.9,2.3,11.7,8.1,1.53,0.8
Andrew Bogut,Mil,C,25,65,35.1,72.5,19.7,0.13,217,0.442,738,0.497,4,0,0.496,12.8,11.1,18.4,2,10.4,7.5,0.72,2.58
Aaron Brooks,Hou,PG,26,34,23.7,48.1,26.3,0.115,83,0.94,218,0.394,169,0.284,0.465,11.6,1.5,3.6,3.8,25.4,6.8,0.62,0.06
Aaron Brooks,Pho,PG,26,25,18.7,37,25.9,0.164,57,0.807,133,0.481,67,0.328,0.533,9.6,1.1,3.3,4.2,35.7,7.6,0.52,0.04
Andrew Bynum,Lal,C,23,54,27.6,56.8,17.8,0.129,209,0.66,413,0.574,0,0,0.606,11.3,9.4,19.3,1.4,7.8,7.7,0.35,1.96
Anthony Carter,Den,PG,35,14,10.7,22.2,13.3,0.312,2,1,18,0.333,12,0.333,0.421,1.9,0.9,4.6,1.9,23.6,5.5,0.64,0.07
Anthony Carter,Nyk,PG,35,19,16.2,33,15,0.241,6,1,48,0.563,28,0.286,0.534,4.4,2.1,7.2,2.3,21.1,6.8,0.95,0.26
Austin Daye,Det,PF,22,72,19.9,41,18.8,0.102,108,0.759,300,0.413,172,0.401,0.517,7.5,3.8,11.7,1.1,8.6,6.3,0.54,0.54
Alanzo Gee,Cle,SG,23,40,24.2,50,14.6,0.141,80,0.8,184,0.495,49,0.347,0.554,7.4,3.9,9.3,0.8,5.5,4.7,0.83,0.4
Alanzo Gee,Was,SG,23,11,11.3,21.6,14.3,0.199,12,0.667,25,0.48,2,0,0.496,2.9,2,10.1,0.5,6,5,0.64,0
Aaron Gray,Nor,C,25,41,12.5,25.7,13.5,0.219,34,0.5,99,0.566,0,0,0.566,3.1,4.2,20.2,0.4,4.9,5.5,0.27,0.29
Al Harrington,Den,PF,30,73,22.6,47,22.5,0.127,117,0.735,347,0.473,328,0.357,0.527,10.5,4.5,11.6,1.4,9.7,7.2,0.53,0.14
Al Horford,Atl,C,24,77,34.9,72.6,19.8,0.106,188,0.798,917,0.557,4,0.5,0.587,15.3,9.3,16.1,3.4,17.5,9,0.75,1.04
Andre Iguodala,Phi,SG,27,67,36.6,75.2,19.3,0.134,300,0.693,578,0.479,181,0.337,0.53,14.1,5.8,9.1,6.3,26.6,8.8,1.51,0.57
Antawn Jamison,Cle,PF,34,56,32.7,67.8,26.1,0.073,234,0.731,613,0.462,263,0.346,0.516,18,6.7,11.8,1.7,9.6,7.2,0.91,0.54
Al Jefferson,Uta,C,26,82,35.5,73.2,24.4,0.068,289,0.761,1319,0.496,0,0,0.528,18.6,9.7,16.5,1.8,9.4,7.7,0.56,1.87
Amir Johnson,Tor,PF,23,72,25.5,52.9,15.5,0.109,160,0.788,494,0.569,1,0,0.608,9.6,6.4,14.8,1.1,6.9,6.4,0.74,1.22
Andrei Kirilenko,Uta,SF,29,64,31.1,63.9,17.9,0.15,270,0.77,444,0.489,98,0.367,0.567,11.7,5.1,9.9,3,15,7.2,1.27,1.19
Acie Law,Gol,PG,25,40,15.6,32.1,15.8,0.147,54,0.759,137,0.526,30,0.2,0.532,5.1,1.3,4.7,1.8,16.1,5.9,0.7,0
Antonio McDyess,San,PF,36,73,18.8,38.9,15.1,0.162,77,0.675,343,0.493,1,0,0.516,5.3,5.4,16.8,1.2,9.1,6.9,0.49,0.53
Andre Miller,Por,PG,34,81,32.5,67.3,20.8,0.168,292,0.853,807,0.476,37,0.108,0.529,12.7,3.7,7,7,36,8.5,1.4,0.14
Anthony Morrow,Njn,SG,25,58,31.8,64.8,18.1,0.075,107,0.897,360,0.469,260,0.423,0.573,13.2,3,5.5,1.2,6.4,4.6,0.31,0.12
Andres Nocioni,Phi,SF,31,54,17,34.8,17.6,0.134,61,0.803,159,0.478,118,0.356,0.538,6.1,3.1,10.6,0.8,7.5,5.8,0.26,0.28
Anthony Parker,Cle,SG,35,72,28.9,59.9,14.7,0.119,93,0.774,325,0.412,227,0.379,0.504,8.3,3,6,3,16.8,5.8,0.93,0.14
A.J. Price,Ind,PG,24,50,15.7,32.4,23,0.13,81,0.667,171,0.427,149,0.275,0.454,6.5,1.4,5.1,2.2,23,6.9,0.58,0.02
Anthony Randolph,Min,PF,21,23,19.9,40.7,27.4,0.146,74,0.703,219,0.498,0,0,0.537,11.7,5.2,14.5,1.2,10.9,8.4,0.78,0.7
Amare Stoudemire,Nyk,PF,28,78,36.6,75.8,31.1,0.125,597,0.792,1459,0.503,24,0.417,0.565,25.3,8.2,12.7,2.6,13.3,8.9,0.91,1.91
Al Thornton,Gol,SF,27,22,14.1,28.6,19.8,0.143,35,0.829,103,0.495,1,0,0.549,6,2.6,10.4,0.5,5.4,5.6,0.32,0.14
Al Thornton,Was,SF,27,49,21.6,44.1,17.4,0.105,107,0.757,302,0.497,25,0.16,0.525,8,3.2,8.4,1,7.8,5.5,0.57,0.18
Anthony Tolliver,Min,C,25,65,20.8,43,13.2,0.117,131,0.802,198,0.475,115,0.409,0.585,6.7,4.5,12.1,1.2,8.9,6.4,0.45,0.43
Anderson Varejao,Cle,C,28,31,31.9,65.8,13.4,0.137,81,0.667,214,0.533,2,0,0.56,9.1,9.7,17.5,1.5,7.4,6.4,0.87,1.23
Brandon Bass,Orl,PF,25,76,25.9,53.4,19.9,0.115,233,0.815,643,0.516,2,0,0.571,11.2,5.6,12.6,0.8,5,5.7,0.36,0.68
Brian Cardinal,Dal,C,33,56,10.9,22.6,9.7,0.135,18,0.944,13,0.077,88,0.477,0.666,2.6,1.1,5.7,0.7,9.3,4.6,0.43,0.13
Brian Cook,Lac,PF,29,40,11,22.5,20.9,0.122,24,0.625,91,0.418,79,0.43,0.534,4.8,2.4,12.8,0.4,5.7,6.1,0.3,0.28
Baron Davis,Cle,PG,31,15,25.2,51.4,27.5,0.17,27,0.815,91,0.429,87,0.414,0.548,13.9,2.4,5.5,6.1,45.8,9.3,1.07,0.4
Baron Davis,Lac,PG,31,43,29.3,60.1,23.6,0.16,104,0.76,363,0.466,152,0.296,0.492,12.8,2.8,5.6,7,40.4,8.6,1.44,0.51
Boris Diaw,Cha,PF,28,82,33.7,69.8,16.9,0.167,123,0.683,549,0.554,226,0.345,0.558,11.3,5,9.1,4.1,20.8,7.3,0.9,0.55
Ben Gordon,Det,SG,27,82,25.8,53.2,21.6,0.145,160,0.85,504,0.46,266,0.402,0.548,11.2,2.4,5.6,2.1,13.3,5.9,0.59,0.2
Blake Griffin,Lac,PF,21,82,37.8,78,27.4,0.117,695,0.642,1352,0.51,24,0.292,0.549,22.5,12.1,18.7,3.8,18.8,10.7,0.77,0.55
Brendan Haywood,Dal,C,31,72,18.3,38,12.5,0.145,177,0.362,222,0.577,1,0,0.532,4.4,5.2,16.7,0.3,2.1,4.2,0.22,1.03
Brandon Jennings,Mil,PG,21,63,34.2,70.6,25.6,0.124,246,0.809,623,0.422,303,0.323,0.493,16.2,3.7,6.3,4.8,26.1,7.7,1.51,0.33
Brook Lopez,Njn,C,22,82,35,71.8,27.5,0.103,489,0.787,1309,0.493,1,0,0.549,20.4,6,10,1.6,8.9,6.6,0.59,1.48
Brad Miller,Hou,C,34,60,16.7,34.3,17.2,0.138,94,0.83,189,0.487,107,0.374,0.566,6.4,3.7,12.5,2.4,21.7,9.2,0.47,0.35
Brandon Roy,Por,SG,26,47,27.7,57,23,0.086,138,0.848,409,0.418,114,0.333,0.491,12.2,2.6,5.7,2.7,17,6.4,0.79,0.26
Brandon Rush,Ind,SG,25,67,26,53.8,16,0.109,106,0.755,292,0.425,223,0.417,0.54,9.1,3.2,6.9,0.9,5.6,4.6,0.61,0.52
Beno Udrih,Sac,PG,28,79,34.4,71,17,0.132,228,0.864,642,0.54,182,0.357,0.587,13.7,3.4,5.6,4.9,22.3,7.1,1.19,0.11
Ben Uzoh,Njn,PG,22,42,10.2,20.6,20.9,0.13,56,0.589,135,0.422,8,0.375,0.465,3.7,1.5,8.4,1.6,27.4,8.1,0.31,0.19
Bill Walker,Nyk,SG,23,61,12.7,26.2,16.8,0.127,44,0.705,83,0.542,153,0.386,0.583,4.9,2,9,0.6,6.7,5.7,0.34,0.1
Ben Wallace,Det,C,36,54,22.8,46.7,8.3,0.202,57,0.333,147,0.449,2,0.5,0.442,2.9,6.5,17.4,1.3,8.2,5.1,1,1
Brandon Wright,Njn,PF,23,16,11.3,21.7,16.8,0.061,17,0.824,54,0.407,0,0,0.472,3.6,3,15.7,0.4,6.4,5.8,0.5,0.44
Chris Andersen,Den,C,32,45,16.1,33.5,13.6,0.113,135,0.637,136,0.603,1,0,0.636,5.6,4.9,17.4,0.4,4,5.5,0.51,1.29
Carmelo Anthony,Den,SF,26,50,35.3,73.3,32.7,0.11,417,0.823,841,0.47,126,0.333,0.547,25.2,7.6,12.5,2.8,14.4,9.2,0.86,0.6
Carmelo Anthony,Nyk,SF,26,27,36,73.9,31.2,0.094,188,0.872,411,0.472,125,0.424,0.575,26.3,6.7,10.6,3,15.4,9,0.93,0.56
Carlos Arroyo,Bos,PG,31,15,12.5,25.4,14.6,0.297,12,0.917,30,0.267,5,0.6,0.447,2.4,1.5,7.5,1.7,18.8,5.9,0.47,0
Carlos Arroyo,Mia,PG,31,49,20.1,41.5,14.1,0.145,35,0.8,174,0.466,64,0.438,0.541,5.6,1.6,4.8,2,15.5,5.2,0.29,0.04
Chauncey Billups,Den,PG,34,51,32.1,66.7,21.6,0.163,287,0.923,297,0.438,239,0.439,0.634,16.5,2.5,4.4,5.3,25.3,7.5,1.02,0.24
Chauncey Billups,Nyk,PG,34,21,31.4,64.2,24.5,0.132,132,0.902,133,0.474,125,0.328,0.582,17.5,3.1,5.6,5.5,27.7,8.5,0.9,0.1
Carlos Boozer,Chi,PF,29,59,31.7,65.3,27.1,0.135,244,0.701,845,0.51,0,0,0.542,17.5,9.6,17.7,2.5,14.6,9.4,0.76,0.31
Chris Bosh,Mia,PF,26,77,36.1,74.8,23.6,0.098,471,0.815,1031,0.502,25,0.24,0.569,18.7,8.3,13.7,1.9,9,7.4,0.77,0.62
Corey Brewer,Dal,SF,24,13,11.2,23.1,22.3,0.144,19,0.684,38,0.553,13,0.308,0.564,5.2,1.8,9.3,0.9,13.6,7.3,0.85,0.15
Corey Brewer,Min,SF,24,56,24.1,49.9,18.6,0.131,171,0.708,338,0.42,99,0.263,0.471,8.6,2.7,6.2,1.4,8.7,5.3,1.59,0.25
Chase Budinger,Hou,SF,22,78,22.1,45.5,20.1,0.085,138,0.855,382,0.497,274,0.325,0.534,9.8,3.6,9.2,1.6,11.6,6.9,0.53,0.23
Caron Butler,Dal,SF,30,29,29.7,61.7,25.3,0.105,88,0.773,313,0.454,65,0.431,0.523,15,4,7.9,1.6,9.2,6.2,0.97,0.28
Carlos Delfino,Mil,SF,28,49,32.3,66.3,17.9,0.095,75,0.8,229,0.415,284,0.37,0.517,11.5,4.1,7.4,2.3,12.2,5.9,1.55,0.16
Chris D-Roberts,Mil,SF,23,44,19.9,40.8,18.6,0.101,89,0.831,227,0.449,46,0.326,0.517,7.3,2,5.9,1.1,9.9,5.1,0.66,0.3
Chris Duhon,Orl,PG,28,51,15,30.8,12.2,0.303,25,0.56,77,0.468,52,0.25,0.446,2.5,1,4,2.3,22.7,4.8,0.31,0.04
Christian Eyenga,Cle,SG,21,44,21.3,44.1,17.6,0.129,28,0.643,215,0.488,91,0.275,0.476,6.9,2.8,7.5,0.8,6.3,4.7,0.75,0.64
Channing Frye,Pho,C,27,77,32.8,67.2,17,0.077,107,0.832,390,0.479,439,0.39,0.557,12.7,6.7,11.7,1.2,5.7,5.7,0.6,1.03
Chuck Hayes,Hou,PF,27,74,27.9,57.5,13.1,0.142,142,0.662,461,0.529,2,0,0.554,7.9,8.1,16.4,2.7,14.5,8,1.08,0.66
Chris Johnson,Por,C,25,10,10.4,20.6,15.3,0.236,18,0.722,18,0.389,0,0,0.521,2.7,2.7,15.9,0.2,2.8,4.4,0.3,0.6
Chris Kaman,Lac,C,28,32,26,52.9,24.7,0.126,57,0.754,376,0.471,0,0,0.495,12.4,7,15.9,1.4,9.9,7.6,0.5,1.53
Carl Landry,Nor,PF,27,23,25.4,51.6,21.4,0.103,73,0.795,202,0.53,1,0,0.578,11.8,4.1,9.8,0.6,4,4.8,0.43,0.52
Carl Landry,Sac,PF,27,53,26.3,54.1,20.5,0.124,215,0.721,481,0.495,3,0,0.545,11.9,4.8,10.3,0.9,5.8,5.7,0.57,0.38
Courtney Lee,Hou,SF,25,81,21.1,43.5,18,0.098,120,0.792,402,0.453,174,0.408,0.534,8.3,2.6,6.9,1.2,9,5.6,0.72,0.22
Corey Maggette,Mil,SF,31,67,20.7,42.7,28,0.153,325,0.834,481,0.468,78,0.359,0.573,12,3.6,10.1,1.3,11.5,7.4,0.31,0.07
Cartier Martin,Was,SG,25,52,10.2,20.8,17.9,0.074,40,0.7,83,0.386,99,0.394,0.524,4,1.4,8,0.3,5.4,4.7,0.35,0.12
C.J. Miles,Uta,SF,23,78,24.8,51.1,25.6,0.086,196,0.811,560,0.459,338,0.322,0.508,12.8,3.3,8,1.7,12,6.7,0.97,0.5
Chris Paul,Nor,PG,25,80,35.6,73.6,21.3,0.139,384,0.878,745,0.482,184,0.386,0.577,15.9,4.1,7,9.8,46.4,9.7,2.34,0.06
Craig Smith,Lac,PF,26,48,12,24.7,19.4,0.132,68,0.735,183,0.568,5,0,0.592,5.4,2.4,11.9,0.6,9.3,6.6,0.33,0.15
Charlie Villanueva,Det,PF,26,76,21.7,44.8,23.3,0.08,116,0.767,385,0.488,323,0.387,0.553,11.1,3.9,10.9,0.6,5,5.5,0.55,0.55
C.J. Watson,Chi,PG,26,82,13.1,27.1,21.7,0.144,93,0.742,282,0.362,112,0.393,0.466,4.9,1.1,5.1,2.2,27.1,7,0.67,0.13
Chris Wilcox,Det,PF,28,57,17.2,35.4,19.2,0.106,89,0.562,321,0.583,1,0,0.587,7.4,4.8,16.9,0.8,7.6,7.1,0.53,0.3
David Andersen,Tor,C,30,11,13.4,26.9,17.6,0.138,7,1,37,0.541,10,0.3,0.559,5.1,3.1,13.7,0.6,7.4,6.3,0.27,0.27
Darrell Arthur,Mem,PF,22,80,19.9,41,21.9,0.114,134,0.813,618,0.502,6,0,0.534,9.1,4.3,12.8,0.7,5.5,6.1,0.65,0.79
D.J. Augustin,Cha,PG,23,82,33.4,69.2,21.3,0.125,297,0.906,625,0.461,333,0.333,0.541,14.4,2.7,5,6.1,31.3,7.4,0.66,0.04
DeJuan Blair,San,PF,21,81,21.2,44,20.2,0.149,137,0.657,581,0.503,2,0,0.524,8.3,7,19.1,1,7.2,7.3,1.17,0.52
Derrick Brown,Cha,SG,23,41,11.7,24,15.9,0.173,47,0.532,107,0.561,6,0.333,0.565,3.7,2,10.6,0.7,10.2,5.9,0.39,0.2
Darren Collison,Ind,PG,23,79,29.7,61.5,22,0.166,232,0.871,746,0.479,124,0.331,0.534,13.2,2.8,5.3,5.1,29.2,7.7,1.1,0.18
Daequan Cook,Okc,SG,23,43,13.7,27.7,15.9,0.082,20,0.8,27,0.519,154,0.422,0.63,5.6,1.7,7.1,0.5,5.4,4.9,0.33,0.02
DeMarcus Cousins,Sac,PF,20,81,28.3,58.5,27.4,0.185,402,0.687,988,0.435,18,0.167,0.484,14.1,8.6,17.4,2.5,14.9,9.5,1.05,0.84
Dante Cunningham,Cha,SF,23,22,23.9,48.6,18.5,0.087,17,0.765,172,0.529,9,0.111,0.525,9,4,10.1,0.6,4.5,4.7,0.68,0.5
Dante Cunningham,Por,SF,23,56,19.6,40.4,14.7,0.096,45,0.711,287,0.439,4,0,0.457,5.1,3.4,10.5,0.5,4.3,4.2,0.7,0.57
DeMar DeRozan,Tor,SG,21,82,34.6,71.7,23.3,0.098,402,0.813,1102,0.485,52,0.096,0.53,17.2,3.8,6.6,1.8,8.7,5.7,1.04,0.38
DeSagana Diop,Cha,C,28,16,11,22.3,10.6,0.276,11,0.364,24,0.333,0,0,0.347,1.3,2.5,13.7,0.4,5.8,4,0.25,0.94
Derrick Favors,Njn,PF,19,56,19.3,39.2,16.5,0.146,116,0.612,276,0.511,0,0,0.54,6.3,5.3,16.3,0.4,3.2,4.9,0.32,0.71
Derrick Favors,Uta,PF,19,22,19.4,39,20,0.113,57,0.561,140,0.529,0,0,0.545,8.2,5.2,16.2,0.8,7.1,6.7,0.5,1.23
Derek Fisher,Lal,PG,36,82,27.8,57.5,12.9,0.109,103,0.806,370,0.386,159,0.396,0.486,6.8,1.9,3.8,2.7,14.1,4.7,1.21,0.1
Dan Gadzuric,Gol,C,32,28,10.4,21.2,17.5,0.182,14,0.357,87,0.425,1,0,0.419,2.8,3.1,16.8,0.4,5.5,5.8,0.36,0.64
Dan Gadzuric,Njn,C,32,14,11.6,22.1,15.6,0.146,13,0.385,41,0.415,0,0,0.417,2.8,3.5,17.8,0.2,2.9,4.3,0.21,0.79
Danilo Gallinari,Den,SF,22,14,30.7,63.5,20.8,0.125,101,0.772,77,0.442,54,0.37,0.587,14.7,5.4,10.2,1.6,7.6,6.5,0.93,0.64
Danilo Gallinari,Nyk,SF,22,48,34.6,71.5,18.6,0.084,290,0.893,270,0.474,239,0.347,0.6,15.9,4.8,7.9,1.7,7.4,5.9,0.79,0.38
Daniel Gibson,Cle,SG,24,67,27.7,57.3,19.9,0.098,165,0.824,367,0.398,293,0.403,0.534,11.7,2.6,5.5,3,18.5,6.5,0.72,0.31
Drew Gooden,Mil,PF,29,35,24.4,49.9,24.8,0.102,102,0.794,342,0.447,20,0.15,0.487,11.3,6.8,16.3,1.3,10.5,7.6,0.6,0.51
Danny Granger,Ind,SF,27,79,34.8,72.1,26.9,0.123,466,0.848,852,0.444,407,0.386,0.554,20.5,5.4,8.6,2.6,13.1,7.6,1.13,0.78
Donte Greene,Sac,SF,22,69,16.1,33.3,18.4,0.126,65,0.662,232,0.478,154,0.292,0.482,5.8,2.1,7.5,0.7,6.6,5.1,0.52,0.29
Devin Harris,Njn,PG,27,54,31.7,64.5,24.5,0.175,307,0.84,502,0.452,110,0.3,0.543,15,2.4,4.5,7.6,41.5,8.2,1.06,0.11
Devin Harris,Uta,PG,27,17,29.9,59.3,26.4,0.168,95,0.811,131,0.443,70,0.357,0.552,15.8,2.4,4.8,5.4,29.9,7.9,0.76,0.12
Dwight Howard,Orl,C,25,78,37.4,77.4,27.4,0.162,916,0.596,1037,0.597,7,0,0.616,22.9,14.1,22,1.4,6.9,8.2,1.37,2.38
Damion James,Njn,SF,23,25,15.9,31.4,16.4,0.178,28,0.643,100,0.46,3,0,0.477,4.4,3.4,12.6,0.8,8.2,5.8,0.64,0.44
Dahntay Jones,Ind,SG,29,45,12.9,26.6,21.7,0.109,90,0.767,175,0.491,39,0.359,0.558,6.3,1.4,6.2,0.7,9.7,5.7,0.44,0.16
DeAndre Jordan,Lac,C,22,80,25.4,52.5,11.8,0.188,217,0.452,340,0.688,1,0,0.648,7.1,7.2,16.6,0.5,3.3,4.6,0.51,1.78
David Lee,Gol,PF,27,73,35.9,74.2,21.3,0.135,267,0.787,975,0.508,3,0.333,0.549,16.5,9.8,15.4,3.2,14,8.9,1.04,0.42
Dominik McGuire,Cha,SF,25,52,14.4,29.8,14,0.112,39,0.769,180,0.4,2,0,0.437,3.3,3.8,16.1,0.8,9.1,6,0.19,0.63
Darko Milicic,Min,C,25,69,24.3,50.2,19.9,0.194,115,0.557,578,0.469,0,0,0.482,8.8,5.2,11.9,1.5,9.8,6.7,0.78,2.04
Dirk Nowitzki,Dal,PF,32,73,34.1,71,28.4,0.091,443,0.892,1011,0.538,168,0.393,0.612,23,7,12.1,2.6,14.3,8.8,0.51,0.63
Derrick Rose,Chi,PG,22,81,37.1,76.8,32.4,0.131,555,0.858,1212,0.481,385,0.332,0.55,25,4.1,6.4,7.7,39,10,1.05,0.63
DeShawn Stevenson,Dal,SG,29,72,15.9,33.1,16.1,0.112,43,0.767,81,0.42,249,0.378,0.549,5.3,1.5,5.4,1.1,10.1,5.2,0.29,0.07
Dwyane Wade,Mia,SG,29,76,37,76.6,31.8,0.124,652,0.758,1178,0.534,206,0.306,0.581,25.5,6.4,10.2,4.6,23.7,9.8,1.47,1.14
Delonte West,Bos,SG,27,24,18.7,38.3,16.7,0.192,15,0.867,87,0.494,33,0.364,0.533,5.6,1.6,5.2,2.7,22.2,6.2,0.83,0.42
David West,Nor,PF,30,70,34.8,71.9,25.9,0.107,327,0.807,1031,0.51,9,0.222,0.558,18.9,7.6,13.2,2.3,12.8,7.9,0.96,0.89
D.J. White,Cha,PF,30,24,19.2,39.1,18.8,0.038,54,0.759,152,0.533,2,0,0.571,8.5,4.4,13.9,0.6,5.9,5.9,0.25,0.5
Damien Wilkins,Atl,SF,30,52,12.8,26.6,13,0.115,56,0.714,127,0.528,10,0.2,0.557,3.5,1.7,8.1,0.8,9.5,5.3,0.52,0.17
Deron Williams,Njn,PG,26,12,37.8,70.8,24.3,0.181,58,0.793,110,0.391,59,0.271,0.463,15,4.6,7.2,12.8,56.3,10.2,1.25,0.25
Deron Williams,Uta,PG,26,53,37.7,77.4,26.3,0.163,354,0.853,548,0.511,257,0.346,0.588,21.3,3.9,6.2,9.7,43.8,9.9,1.21,0.23
Dorell Wright,Gol,SF,25,82,38.2,79,19.4,0.096,228,0.789,630,0.462,516,0.376,0.539,16.4,5.3,7.8,3,11.7,6.7,1.5,0.77
Earl Barron,Pho,PF,29,12,15.1,28.2,17.6,0.155,20,0.6,51,0.235,0,0,0.301,3,3.3,12.8,0.3,3,3.8,0.5,0.33
Eric Bledsoe,Lac,PG,20,81,22.5,46.5,18.1,0.263,133,0.744,370,0.47,116,0.276,0.499,6.7,2.8,7.2,3.6,24.4,7.2,1.14,0.31
Earl Boykins,Mil,PG,34,57,14.9,30.7,24.2,0.118,82,0.841,281,0.459,71,0.38,0.526,7.2,1,3.8,2.5,31.5,7,0.67,0.05
Elton Brand,Phi,PF,31,81,34.5,70.9,19.8,0.084,273,0.78,980,0.512,1,0,0.553,15,8.3,13.9,1.5,7.1,6.6,1.14,1.32
Earl Clark,Orl,SF,22,33,11.7,23.9,20.3,0.154,37,0.595,122,0.459,5,0,0.468,4.1,2.5,12.7,0.2,2.6,4.3,0.21,0.45
Eric Dampier,Mia,C,35,51,15.8,32.6,8.2,0.228,44,0.545,88,0.591,1,0,0.591,2.5,3.5,13,0.4,3.9,3.8,0.27,0.92
Ed Davis,Tor,PF,21,65,24.4,50.6,13.5,0.101,128,0.555,373,0.576,0,0,0.583,7.7,7.1,17.2,0.6,3.8,5.2,0.6,1.02
Eric Gordon,Lac,SG,22,56,37.5,77.1,26.6,0.12,348,0.825,658,0.488,291,0.364,0.566,22.3,2.9,4.6,4.4,20.9,7,1.27,0.3
Eddie House,Mia,SG,32,56,17.3,35.7,17.8,0.079,40,0.95,147,0.408,175,0.389,0.533,6.5,1.6,5.6,1.1,10.1,5.2,0.57,0.05
Ersan Ilyasova,Mil,PF,23,60,24.9,51.4,19.3,0.102,104,0.894,386,0.479,121,0.298,0.516,9.5,6.1,14.2,0.9,6.7,6,0.85,0.4
Pooh Jeter,Sac,PG,26,62,13.6,28.1,16.8,0.155,41,0.902,229,0.437,30,0.2,0.46,4.1,1.1,4.7,2.6,28.9,6.7,0.47,0.03
Eric Maynor,Okc,PG,23,82,14.4,29.6,16.7,0.177,59,0.729,237,0.409,96,0.385,0.485,4.2,1.5,6,2.9,30.8,7.3,0.43,0.07
Eduardo Najera,Cha,PF,34,31,11.8,24.2,11.5,0.145,11,0.545,38,0.395,34,0.324,0.449,2.2,1.5,7.4,0.6,8.4,4.3,0.35,0.19
Emeka Okafor,Nor,C,28,72,31.4,64.8,16,0.157,258,0.562,523,0.574,1,0,0.584,10.3,9.5,18.4,0.6,3.1,5,0.56,1.78
Evan Turner,Phi,SG,22,78,22.9,47,17.2,0.12,125,0.808,485,0.435,44,0.318,0.484,7.2,3.9,9.9,2,13.6,6.7,0.63,0.18
Ekpe Udoh,Gol,PF,23,58,17.6,36.2,12.9,0.161,64,0.656,222,0.437,0,0,0.472,4.1,3.1,10.1,0.7,5.6,4.7,0.38,1.48
Earl Watson,Uta,PG,31,80,19.2,39.6,13.7,0.253,82,0.671,200,0.45,107,0.336,0.5,4.3,2.3,7.2,3.5,26.3,6.8,0.76,0.21
Francisco Garcia,Sac,SG,30,58,23.7,48.8,17.4,0.081,76,0.855,251,0.502,224,0.362,0.551,9.7,2.3,5.5,1.2,8.1,5,0.88,0.84
Gilbert Arenas,Orl,PG,28,49,21.6,44.5,23.9,0.193,86,0.744,222,0.401,182,0.275,0.444,8,2.4,6.5,3.2,24.1,7.3,0.9,0.18
Gilbert Arenas,Was,PG,28,21,34.4,68.3,26.3,0.165,67,0.836,185,0.449,145,0.324,0.505,17.3,3.3,5.5,5.6,27.7,8,1.38,0.57
Glen Davis,Bos,PF,25,78,29.3,60.6,21.1,0.085,265,0.736,786,0.454,15,0.133,0.499,11.7,5.5,11.5,1.2,6.7,5.8,1.01,0.4
Goran Dragic,Hou,PG,24,22,17,34.1,19.1,0.13,36,0.667,71,0.437,54,0.519,0.604,7.7,2.5,8.5,2.5,23,8.6,0.64,0.18
Goran Dragic,Pho,PG,24,48,17.6,35.7,24.2,0.211,97,0.608,215,0.488,101,0.277,0.492,7.4,1.8,5.9,3.1,27.2,7.9,0.75,0.13
Gary Forbes,Den,SF,25,63,12.3,25.7,20.5,0.129,87,0.678,215,0.488,58,0.328,0.524,5.2,1.8,8.6,0.8,9.7,6.4,0.37,0.1
Gordon Hayward,Uta,SF,20,72,16.5,33.9,15.7,0.173,97,0.711,219,0.489,74,0.473,0.578,5.4,1.9,7.1,1.1,10.5,5.4,0.42,0.26
Gerald Henderson,Cha,SG,23,68,24.2,50.1,20.1,0.091,163,0.785,534,0.472,36,0.194,0.509,9.6,3,7.6,1.5,10.8,5.8,0.74,0.5
Grant Hill,Pho,SF,38,79,29.9,61.2,20.4,0.124,258,0.829,704,0.504,117,0.385,0.567,13.4,4.2,8,2.5,13.4,7,0.77,0.42
George Hill,San,PG,24,77,28.2,58.3,18.2,0.118,269,0.862,436,0.479,201,0.383,0.583,11.4,2.7,5.6,2.5,13.3,6,0.9,0.3
Greg Monroe,Det,PF,20,80,27.6,56.9,15.5,0.111,233,0.622,548,0.551,1,0,0.575,9.4,7.5,16.6,1.3,7.6,6.5,1.15,0.56
Gary Neal,San,PG,26,80,20.9,43.2,20.8,0.103,104,0.808,324,0.481,308,0.419,0.578,9.8,2.5,6.9,1.2,9.3,5.9,0.34,0.05
Garrett Temple,Cha,SG,24,12,10.4,20.7,25.2,0.299,11,0.636,16,0.313,26,0.269,0.406,3.2,1.3,7.3,2,30.6,7.8,0.75,0.33
Greivis Vasquez,Mem,SG,23,70,12.1,24.9,17.2,0.217,44,0.773,147,0.476,86,0.291,0.493,3.6,1.1,5.2,2.2,25.7,6.8,0.31,0.06
Gerald Wallace,Cha,SF,28,48,38.8,79.9,20.4,0.124,284,0.739,476,0.456,106,0.33,0.53,15.6,8.2,12.8,2.4,10.6,7,1.23,1
Gerald Wallace,Por,SF,28,23,35.5,72.3,20.7,0.144,90,0.767,189,0.566,80,0.338,0.59,15.8,7.7,13.2,2.5,12,7.6,2,0.65
Hedo Turkoglu,Orl,SF,31,56,33.9,69.9,16.7,0.148,120,0.667,316,0.478,213,0.404,0.55,11.4,4.6,7.8,5.1,24.2,7.6,0.96,0.36
Hedo Turkoglu,Pho,SF,31,25,25,49.5,17.3,0.129,36,0.722,96,0.458,97,0.423,0.567,9.5,4,9.2,2.3,13.9,7.1,0.72,0.56
Hakim Warrick,Pho,PF,28,80,17.5,35.9,21.1,0.121,294,0.721,435,0.522,11,0.091,0.581,8.4,3.7,12.2,0.9,7.7,6.9,0.4,0.11
Ike Diogu,Lac,PF,27,36,12.9,26.3,19,0.112,62,0.661,148,0.561,0,0,0.59,5.8,3.2,14.5,0.1,0.7,3.8,0.08,0.08
Ishmael Smith,Hou,PG,22,28,11.5,23.3,15.6,0.229,10,0.7,75,0.387,8,0.375,0.423,2.6,1.5,7.4,2.3,28.5,7.2,0.46,0.07
James Anderson,San,SG,21,26,10.9,22.3,16.6,0.128,18,0.778,35,0.371,46,0.391,0.529,3.6,0.9,4.7,0.7,9.3,4.8,0.12,0.23
Joel Anthony,Mia,C,28,75,19.3,40,5.4,0.215,73,0.644,99,0.535,0,0,0.583,2,3.6,10.9,0.3,2.3,2.7,0.13,1.24
Jose Barea,Dal,PG,26,81,20.4,42.5,24.2,0.159,157,0.847,461,0.475,189,0.349,0.535,9.5,2,5.6,3.9,31.6,8.2,0.37,0.02
Jerryd Bayless,Nor,PG,22,11,13.3,26.2,24,0.231,17,0.765,35,0.4,14,0.214,0.443,4.5,1.4,6.2,2.5,30.6,7.5,0.18,0.09
Jerryd Bayless,Tor,PG,22,60,22.3,46,22.2,0.166,189,0.81,336,0.461,132,0.348,0.545,10,2.5,6.7,4,27.7,8.3,0.6,0.07
Jon Brockman,Mil,PF,24,63,10.5,21.7,10.1,0.167,59,0.678,94,0.511,0,0,0.567,2.2,2.9,16.1,0.3,4.3,4.7,0.22,0.05
Jose Calderon,Tor,PG,29,68,30.7,63.6,16.9,0.188,103,0.854,440,0.466,156,0.365,0.522,9.8,3,5.7,8.9,43.3,8.3,1.19,0.1
Josh Childress,Pho,SG,27,54,16.3,33.2,14.5,0.155,59,0.492,198,0.606,16,0.063,0.567,5,2.9,10.1,0.8,7.1,5.6,0.61,0.43
Jason Collins,Atl,C,31,49,11.9,24.7,9.4,0.226,41,0.659,70,0.471,1,1,0.539,2,2.1,10.5,0.4,5.4,4,0.18,0.18
Jamal Crawford,Atl,SG,30,76,30,62.4,23.6,0.128,260,0.854,525,0.474,350,0.343,0.546,14.2,1.7,3.4,3.2,17.9,5.7,0.75,0.18
Jordan Crawford,Was,SG,22,26,33.1,66.4,26.9,0.129,78,0.885,322,0.438,101,0.238,0.462,16.3,3,5.1,3.9,20.7,7,1.38,0.12
Joey Dorsay,Tor,PF,23,43,12,24.7,14.5,0.234,65,0.477,99,0.525,0,0,0.529,3.1,4.4,21.9,0.6,7.6,6.7,0.56,0.4
Jared Dudley,Pho,PF,25,82,25.9,53.1,17,0.096,218,0.743,376,0.519,253,0.415,0.598,10.6,3.9,8.6,1.3,7.7,5.8,1.06,0.24
Jordan Farmar,Njn,PG,24,73,24.4,49.9,21.7,0.167,100,0.82,347,0.421,304,0.359,0.504,9.6,2.4,5.7,5,35.2,8,0.84,0.08
Jonny Flynn,Min,PG,21,53,18.3,37.9,18.7,0.264,42,0.762,196,0.393,100,0.31,0.444,5.3,1.5,4.4,3.4,27.9,6.6,0.64,0.06
Jeff Foster,Ind,C,33,56,16.6,34.3,10.2,0.121,48,0.563,164,0.488,3,0,0.497,3.3,6.3,21,0.8,7.4,6.2,0.43,0.55
Joey Graham,Cle,SF,28,39,14.8,30.7,17.4,0.126,36,0.806,149,0.49,30,0.3,0.518,5.2,2.2,8.3,0.5,5.3,4.8,0.15,0.18
Jeff Green,Bos,PF,24,26,23.3,47.9,20,0.091,63,0.794,175,0.514,27,0.296,0.553,9.8,3.3,8.7,0.7,5.2,4.9,0.5,0.62
Jeff Green,Okc,PF,24,49,36.8,74.7,19.4,0.098,181,0.818,434,0.493,184,0.304,0.533,15.2,5.6,8.9,1.8,8,5.8,0.82,0.43
James Harden,Okc,SG,23,82,26.5,54.3,19.6,0.113,343,0.843,360,0.514,324,0.349,0.598,12.2,3.1,6.9,2.1,12.9,6.5,1.12,0.29
J.J. Hickson,Cle,PF,22,80,28,58.1,25.7,0.136,367,0.673,930,0.461,5,0,0.504,13.8,8.7,17.8,1.1,7.5,7.3,0.6,0.68
Jordan Hill,Hou,SF,23,72,15.4,31.8,18,0.137,85,0.706,350,0.494,2,0,0.521,5.6,4.3,15.6,0.4,4.1,5.5,0.19,0.72
Jrue Holiday,Phi,PG,20,82,35.2,72.4,20.9,0.167,209,0.823,777,0.47,222,0.365,0.525,14,4,6.6,6.5,29.2,8.1,1.46,0.35
Juwan Howard,Mia,PF,37,57,10.2,21.1,13.3,0.151,35,0.829,125,0.44,0,0,0.495,2.4,2.1,12.5,0.4,5.9,5,0.16,0.07
Josh Howard,Was,SF,30,18,22.4,44.2,22.2,0.099,47,0.617,133,0.383,29,0.241,0.416,8.4,4.1,10.5,1.3,9.6,6.3,0.72,0.28
Jarrett Jack,Nor,PG,27,70,19.2,39.7,23.5,0.114,168,0.845,431,0.425,84,0.345,0.505,8.5,1.9,5.9,2.6,23.2,7.2,0.57,0.09
Jarrett Jack,Tor,PG,27,13,26.5,53.5,23,0.192,46,0.87,99,0.455,24,0.167,0.496,10.9,3.2,7.2,4.5,26.2,8.1,1.08,0
Jared Jeffries,Nyk,PF,29,24,19.1,39.1,7.3,0.226,19,0.421,47,0.383,3,0.333,0.403,2,3.4,10.1,1,7.3,4,1,0.58
Joe Johnson,Atl,SG,29,72,35.3,73.3,26.4,0.103,243,0.802,861,0.494,300,0.297,0.517,18.2,4,6.9,4.7,24.2,7.9,0.65,0.1
James Johnson,Tor,SF,23,25,27.7,56.8,17.3,0.172,58,0.707,171,0.497,25,0.24,0.517,9.2,4.7,10.1,3,16.3,7.3,1,1.12
James Jones,Mia,SG,30,81,18.9,39.2,12.2,0.053,72,0.833,59,0.39,287,0.429,0.629,5.9,2,6.2,0.5,4.2,3.8,0.37,0.23
Jason Kidd,Dal,PG,37,80,33,68.6,14.4,0.221,77,0.87,205,0.4,391,0.34,0.5,7.9,4.4,7.8,8.2,35.6,8,1.69,0.36
Jason Maxiell,Det,PF,27,57,16.1,33.1,14,0.159,99,0.515,189,0.492,0,0,0.51,4.2,3,11.5,0.3,2.8,3.9,0.42,0.37
JaVale McGee,Was,C,23,79,27.5,56.6,16.4,0.126,229,0.585,601,0.552,3,0,0.566,10.1,8,16.6,0.5,2.9,5,0.52,2.44
Josh McRoberts,Ind,PF,23,72,22,45.5,14.9,0.175,119,0.739,327,0.575,60,0.383,0.607,7.4,5.3,13.4,2.1,15.1,7.9,0.67,0.81
Jodie Meeks,Phi,SG,23,74,27.7,56.9,15.8,0.085,170,0.894,222,0.468,348,0.397,0.6,10.5,2.3,4.8,1.1,5.7,4.3,0.85,0.05
Jamario Moon,Cle,SF,30,40,18.9,39.1,12.6,0.081,11,0.909,94,0.521,95,0.284,0.488,4.7,3,9,1.1,9.4,5.3,0.63,0.68
Jamario Moon,Lac,SF,30,19,14.4,29,10.8,0.075,6,0.833,31,0.452,28,0.393,0.535,3.5,2.5,10,0.4,3.8,4.2,0.16,0.32
Jameer Nelson,Orl,PG,28,76,30.3,62.6,22.2,0.176,162,0.802,541,0.471,297,0.401,0.548,13.1,3,5.7,6,33.9,8.2,0.99,0.04
Joakim Noah,Chi,C,25,48,32.6,67.1,16.9,0.157,188,0.739,401,0.526,1,0,0.579,11.7,10.4,18.6,2.2,10.8,7.9,1,1.5
Jermaine OÕNeal,Bos,C,32,24,17.8,36.4,17.4,0.174,43,0.674,108,0.463,1,0,0.504,5.4,3.7,12.7,0.5,4.4,4.8,0.08,1.25
Johan Petro,Njn,C,24,77,11.4,23.3,18.4,0.132,28,0.536,286,0.451,4,0,0.452,3.5,2.8,14.3,0.6,8.6,6.3,0.44,0.44
James Posey,Ind,SF,34,49,16.9,35,14.5,0.088,15,0.733,29,0.483,212,0.316,0.485,4.9,3,9.8,0.7,6.2,5.1,0.49,0.12
Josh Powell,Atl,PF,28,54,11.9,24.7,20.7,0.189,45,0.8,207,0.454,1,0,0.492,4.1,2.5,12.6,0.4,5.6,5.4,0.09,0.09
Joel Przybilla,Por,C,31,31,14.2,29.1,7,0.333,23,0.565,34,0.618,0,0,0.623,1.8,3.9,16.8,0.4,4.2,4,0.16,0.45
J.J. Redick,Orl,SG,26,59,25.4,52.4,17.2,0.095,128,0.875,228,0.482,219,0.397,0.589,10.1,1.9,4.4,1.7,11,5,0.49,0.05
Jason Richardson,Orl,SG,29,55,34.7,71.5,18.7,0.085,87,0.701,335,0.481,330,0.385,0.543,13.9,4,6.7,2,9.8,5.5,1.2,0.18
Jason Richardson,Pho,SG,29,25,31.7,62.6,25.7,0.067,72,0.764,241,0.502,148,0.419,0.574,19.3,4.4,8.1,1.4,7.9,6.2,1.08,0.12
John Salmons,Mil,SF,31,73,34.8,71.9,21,0.12,240,0.813,679,0.427,219,0.379,0.51,14,3.6,6.1,3.5,17.6,6.4,0.99,0.38
Josh Smith,Atl,PF,24,76,34.1,70.9,24.9,0.143,311,0.73,878,0.503,150,0.327,0.54,16.6,8.6,15.1,3.3,17,9.1,1.26,1.58
J.R. Smith,Den,SG,25,78,24.8,51.7,22.4,0.103,220,0.736,461,0.466,317,0.391,0.551,12.4,4.1,9.6,2.3,14.6,7.9,1.17,0.22
Jason Smith,Nor,PF,24,76,13.9,28.7,17.3,0.133,69,0.841,299,0.448,2,0,0.492,4.3,3.1,13.8,0.5,5.4,5.4,0.33,0.42
Jermaine Taylor,Sac,SG,23,26,15.4,31.2,23.1,0.187,22,0.727,124,0.532,40,0.3,0.53,7.1,2,7.5,1.2,12.6,6.7,0.46,0.12
Jeff Teague,Atl,PG,22,70,13.6,28.2,20.5,0.156,97,0.794,256,0.449,48,0.375,0.521,5.2,1.5,6.5,2,23.9,7.3,0.66,0.36
Jason Terry,Dal,SG,33,82,31.1,64.6,24.8,0.124,214,0.85,740,0.493,351,0.362,0.545,15.8,1.9,3.5,4.1,22.4,6.4,1.13,0.16
Jason Thompson,Sac,PF,24,75,23.1,47.7,18,0.137,200,0.605,531,0.51,3,0,0.533,8.8,6.1,14.9,1.2,7.9,6.9,0.37,0.59
John Wall,Was,PG,20,69,37.6,77.1,24,0.186,393,0.766,857,0.425,115,0.296,0.494,16.4,4.6,7,8.3,36.2,9.1,1.75,0.51
Jawad Williams,Cle,PF,27,26,14.9,30.6,17.3,0.109,12,0.75,81,0.346,45,0.289,0.396,4,1.8,7.1,0.8,9.1,4.8,0.35,0.12
Jason Williams,Mem,PG,35,11,11.1,21.5,13.3,0.194,0,0,14,0.429,15,0.2,0.362,1.9,0.7,3.9,2.5,31.4,5.4,0.27,0.09
Jason Williams,Orl,PG,35,16,10.5,21.2,13.5,0.224,0,0,15,0.4,23,0.304,0.434,2.1,1.4,7.6,1.5,21.3,6.2,0.5,0
Julian Wright,Tor,SF,23,52,14.5,30,13.2,0.194,43,0.512,150,0.533,10,0.2,0.525,3.6,2.3,9.3,1.1,11,5.8,0.75,0.38
Keith Bogans,Chi,SG,30,82,17.6,36.4,11.5,0.113,32,0.656,70,0.486,237,0.38,0.559,4.4,1.8,6,1.2,10.3,4.8,0.46,0.11
Kwame Brown,Cha,C,28,66,25.8,53.3,15.1,0.126,231,0.589,375,0.517,0,0,0.55,7.9,6.8,16,0.7,4.1,5.2,0.39,0.59
Kobe Bryant,Lal,SG,32,82,33.7,69.6,35.3,0.114,583,0.828,1283,0.487,356,0.323,0.548,25.3,5.1,8.6,4.7,27,10,1.21,0.15
Keyon Dooling,Mil,SG,30,80,21.8,45,17.5,0.14,94,0.83,285,0.439,234,0.346,0.509,7.1,1.5,3.9,3,23.6,5.8,0.68,0.05
Kevin Durant,Okc,SF,22,78,38.7,79.3,30.8,0.106,675,0.88,1124,0.504,414,0.35,0.589,27.7,6.8,10.3,2.7,13.3,8.3,1.13,0.97
Kevin Garnett,Bos,PF,34,71,31.2,64.5,22.4,0.111,217,0.862,818,0.531,5,0.2,0.576,14.9,8.9,17.6,2.4,13.8,8.8,1.37,0.77
Kirk Hinrich,Atl,PG,30,24,28.4,58.6,16.1,0.16,21,0.667,109,0.44,76,0.421,0.53,8.6,2.2,4.7,3.3,18,5.6,0.79,0.29
Kirk Hinrich,Was,PG,30,48,30.5,62.1,17.2,0.148,105,0.876,326,0.475,112,0.384,0.548,11.1,2.7,5,4.4,22.8,6.7,1.19,0.21
Kris Humphries,Njn,PF,25,74,27.7,56.6,17.5,0.135,191,0.665,581,0.528,1,0,0.556,10,10.4,22.3,1.1,7.1,7,0.46,1.09
Kyle Korver,Chi,SG,29,82,19.9,41.2,18.4,0.092,87,0.885,268,0.455,289,0.415,0.572,8.3,1.8,5.4,1.5,12.3,5.7,0.43,0.24
Kevin Love,Min,PF,22,73,35.6,73.7,23,0.111,499,0.85,815,0.483,211,0.417,0.593,20.2,15.2,23.8,2.5,11.8,10.3,0.62,0.37
Kyle Lowry,Hou,PG,24,75,34,70,18.7,0.147,251,0.765,466,0.464,343,0.376,0.55,13.5,4.1,6.9,6.7,29.6,8.5,1.36,0.31
Kenyon Martin,Den,PF,32,48,25.5,53,16.5,0.13,72,0.583,353,0.518,9,0.222,0.526,8.6,6.2,14,2.3,13.8,7.8,0.9,0.73
Kevin Martin,Hou,SG,27,80,32.3,66.6,29.8,0.105,669,0.888,808,0.467,459,0.383,0.601,23.5,3.2,5.7,2.5,13.1,7.1,1,0.19
Kendrick Perkins,Okc,C,26,17,25,48.3,12.3,0.261,32,0.531,71,0.493,0,0,0.511,5.1,7.9,18.6,0.9,5.5,5.3,0.41,0.94
Kendrick Perkins,Bos,C,26,12,25.9,52.1,15.5,0.239,40,0.575,59,0.542,0,0,0.568,7.3,8.1,19.2,0.8,4.9,5.6,0.17,0.92
Kevin Seraphin,Was,PF,20,58,10.7,22,14.4,0.207,31,0.71,147,0.449,0,0,0.479,2.7,2.6,13.9,0.2,2.4,4.2,0.29,0.48
Kenny Thomas,Chi,PF,33,52,22.4,46.1,9.5,0.173,32,0.625,185,0.508,1,1,0.527,4.1,5.8,15.1,1.2,7.5,5.5,0.62,0.81
LaMarcus Aldridge,Por,PF,25,81,39.4,81.6,25.8,0.087,444,0.791,1392,0.505,23,0.174,0.549,21.8,8.8,13.6,2.1,10.2,7.5,1.02,1.16
Luis Amundson,Gol,PF,29,46,14.8,30.5,15.9,0.098,87,0.391,183,0.454,0,0,0.452,4.3,4,15.4,0.4,3.6,5.1,0.28,0.72
Leandro Barbosa,Tor,SG,28,58,23.9,49.4,25.8,0.105,137,0.796,440,0.505,213,0.338,0.539,13.3,1.7,4.2,2,14.6,6,0.88,0.1
Luol Deng,Chi,SF,25,82,38.9,80.5,21,0.106,336,0.753,822,0.506,333,0.345,0.549,17.4,5.8,8.7,2.8,11.9,6.7,0.95,0.59
Landry Fields,Nyk,SG,22,82,30.8,63.9,13.6,0.138,147,0.769,383,0.556,219,0.393,0.598,9.7,6.3,11.7,1.9,9.1,6.3,0.98,0.21
Luke Harangody,Cle,SF,22,21,18.9,38.7,17.6,0.071,18,0.778,79,0.468,56,0.25,0.455,6.2,4.2,12.8,1,8.4,6.3,0.52,0.48
Luther Head,Sac,SG,28,36,16.1,32.8,16.3,0.147,50,0.78,100,0.43,64,0.391,0.538,5.6,1.7,5.9,1.9,18,6.5,0.28,0.25
LeBron James,Mia,SF,26,79,38.6,80,31.6,0.138,663,0.759,1205,0.553,279,0.33,0.594,26.7,7.5,11.5,7,35.1,11.6,1.57,0.62
Linas Kleiza,Tor,SF,25,39,26.3,54.2,21.8,0.13,65,0.631,275,0.505,131,0.298,0.502,11.2,4.5,10.2,1,6.3,5.6,0.49,0.18
L.Mbah a Moute,Mil,SF,24,79,26.3,54.4,13.2,0.131,188,0.707,421,0.47,7,0,0.518,6.7,5.3,11.8,0.9,5.3,4.8,0.91,0.35
Lamar Odom,Lal,PF,31,82,32,66.1,19.8,0.122,246,0.675,715,0.566,178,0.382,0.589,14.4,8.7,15.3,3,15.6,9,0.59,0.74
Leon Powe,Cle,PF,26,14,13.1,26.7,18.6,0.066,26,0.462,59,0.492,0,0,0.497,5,2.7,11.9,0.1,1.9,3.4,0.5,0.21
Luke Ridnour,Min,PG,29,71,30.2,62.6,17.9,0.176,137,0.883,497,0.479,184,0.44,0.567,11.8,2.8,5.1,5.5,28.5,7.5,1.25,0.14
Larry Sanders,Mil,PF,21,60,14.3,29.5,17.9,0.116,50,0.56,268,0.433,0,0,0.448,4.3,3,12.1,0.3,3.2,4.4,0.37,1.2
Luis Scola,Hou,PF,30,74,32.4,66.7,25.9,0.104,290,0.738,1126,0.505,3,0,0.538,18.3,8.2,14.3,2.5,13.8,8.9,0.65,0.59
Lou Williams,Phi,PG,24,75,23.1,47.5,28,0.097,356,0.823,542,0.434,253,0.348,0.54,13.7,2,5,3.4,24.3,7.8,0.63,0.23
Matt Barnes,Lal,SF,30,53,19,39.2,16.8,0.156,77,0.779,172,0.564,107,0.318,0.569,6.7,4.3,12.8,1.3,10.7,7,0.74,0.42
Michael Beasley,Min,PF,22,73,32.1,66.6,28.5,0.124,291,0.753,1082,0.463,164,0.366,0.51,19.2,5.6,9.7,2.2,12.3,7.7,0.73,0.73
Marco Belinelli,Nor,SG,24,80,24.1,49.8,20.4,0.094,125,0.784,367,0.458,323,0.415,0.561,10.5,1.9,4.8,1.2,8.2,4.8,0.48,0.08
Mike Bibby,Mia,PG,32,22,26.2,53.7,13.4,0.194,16,0.625,38,0.395,88,0.455,0.601,7.3,2.2,5,2.5,14.2,5.2,0.5,0.14
Mike Bibby,Atl,PG,32,56,29.7,61.6,15.1,0.128,46,0.63,185,0.427,256,0.441,0.57,9.4,2.6,5.2,3.6,19.1,6,0.7,0.11
Matt Bonner,San,PF,30,66,21.5,44.5,13.5,0.065,43,0.744,141,0.475,230,0.457,0.617,7.3,3.6,9.8,0.9,6.3,5.3,0.41,0.32
Marcus Camby,Por,C,36,59,25.9,53.5,11.8,0.16,70,0.614,293,0.399,1,0,0.426,4.7,10.3,24.2,2.1,11.8,7.2,0.68,1.58
Matt Carroll,Cha,SG,30,54,10.6,21.8,20.2,0.098,52,0.769,153,0.471,46,0.37,0.53,4.4,1.3,7.2,0.4,7.1,5,0.31,0.11
Mario Chalmers,Mia,PG,24,70,22.4,46.3,15.1,0.18,62,0.871,157,0.459,231,0.359,0.538,6.4,2.1,5.5,2.5,17,5.8,1.09,0.1
Mike Conley,Mem,PG,23,81,35.2,72.7,19.6,0.142,247,0.733,736,0.466,217,0.369,0.521,13.7,3,5.2,6.5,28.2,7.3,1.78,0.22
Marquis Daniels,Bos,SG,30,49,19,39.2,15.2,0.129,57,0.684,211,0.521,21,0.19,0.527,5.5,2.3,7.5,1.3,10.9,5.4,0.8,0.45
Mike Dunleavy,Ind,SF,30,61,27.4,56.7,17.1,0.108,125,0.8,267,0.517,254,0.402,0.592,11.2,4.5,9.2,1.7,10.2,6.4,0.66,0.49
Monta Ellis,Gol,SG,25,80,40.2,83,28.2,0.123,431,0.789,1232,0.478,379,0.361,0.536,24.1,3.5,5,5.6,23.5,7.7,2.1,0.29
Melvin Ely,Den,C,32,30,12,24.9,9.2,0.189,21,0.619,51,0.549,0,0,0.573,2.3,2.5,11.8,0.5,5.4,4.7,0.13,0.37
Maurice Evans,Atl,SG,32,47,17.6,36.5,13.1,0.066,28,0.857,112,0.455,89,0.315,0.492,4.5,1.8,6.1,0.6,5.5,3.8,0.34,0.11
Maurice Evans,Was,SG,32,26,27.2,54.4,15.9,0.071,30,0.933,145,0.49,78,0.346,0.531,9.7,2.8,5.8,0.6,3.4,3.7,0.69,0.35
Marc Gasol,Mem,C,25,81,31.7,65.5,16.9,0.151,294,0.748,684,0.528,7,0.429,0.58,11.7,7,13.2,2.5,11.7,7.4,0.91,1.68
Manu Ginobili,San,SG,33,80,30.1,62.4,26.2,0.127,410,0.871,577,0.497,441,0.349,0.581,17.4,3.7,7.1,4.9,26.6,9,1.54,0.35
Marcin Gortat,Orl,C,26,25,15.7,31.8,12.5,0.16,18,0.667,81,0.543,0,0,0.562,4,4.7,17.6,0.7,6.9,6,0.28,0.84
Marcin Gortat,Pho,C,26,55,29.5,60.1,18.4,0.097,175,0.731,518,0.566,4,0.25,0.598,13,9.3,18.2,1,5.2,6.7,0.53,1.27
Manny Harris,Cle,SG,21,54,17.1,35.4,19.2,0.161,93,0.763,196,0.378,92,0.37,0.488,5.9,2.6,8.7,1.6,15,6.8,0.57,0.13
Mike Miller,Mia,SG,29,41,20.2,41.7,14.6,0.159,34,0.676,84,0.452,118,0.364,0.525,5.6,4.5,13.2,1.2,9.2,6.2,0.49,0.05
Mehmet Okur,Uta,C,31,13,12.8,25,21.5,0.09,20,0.75,46,0.37,16,0.313,0.452,4.9,2.3,10.9,1.5,18,8,0.31,0.31
Mickael Pietrus,Orl,SG,28,19,21.8,44,14.7,0.106,6,0.5,28,0.393,87,0.391,0.54,6.7,2.6,7,0.5,3.8,3.8,0.53,0.16
Mickael Pietrus,Pho,SG,28,38,17.9,36,19.7,0.084,51,0.706,101,0.465,149,0.342,0.519,7.4,2,6.4,0.6,5.1,4.6,0.5,0.47
Michael Redd,Mil,SG,31,10,13.2,25.8,18,0.079,4,1,28,0.5,17,0.235,0.47,4.4,0.8,3.5,1.2,15.9,4.9,0.2,0.1
Marreese Speights,Phi,C,23,64,11.2,23.1,23.2,0.11,73,0.753,287,0.498,4,0.25,0.532,5.4,3.3,16.8,0.5,7.4,7.4,0.13,0.3
Marcus Thornton,Nor,SG,33,46,16,32.9,25.9,0.092,66,0.758,241,0.423,93,0.376,0.494,7.8,2.8,10.8,0.9,10.5,6.7,0.41,0.09
Marcus Thornton,Sac,SG,33,27,38,77,24.5,0.096,118,0.805,326,0.491,147,0.361,0.547,21.3,4.7,7.1,3.4,15.4,7.3,1.67,0.19
Martell Webster,Min,SF,24,46,23.6,48.7,17.8,0.128,122,0.77,208,0.466,133,0.414,0.574,9.8,3.2,7.5,1.2,7.6,5.7,0.61,0.2
Marvin Williams,Atl,SF,24,66,28.4,59,17.5,0.091,176,0.847,433,0.487,116,0.336,0.549,10.4,4.8,10.1,1.4,7.7,5.8,0.52,0.36
Mo Williams,Cle,PG,27,35,29.5,61,26.2,0.174,100,0.83,320,0.438,130,0.262,0.471,13.3,2.7,5.3,7.3,43.9,8.7,0.94,0.26
Mo Williams,Lac,PG,27,22,32.6,65.8,22.8,0.18,75,0.88,160,0.438,108,0.398,0.556,15.2,2.5,4.6,5.6,28.5,7.3,0.91,0
Nicolas Batum,Por,SF,22,80,31.3,64.8,17.9,0.086,164,0.841,464,0.537,342,0.345,0.564,12.4,4.5,8.8,1.5,8.2,5.6,0.85,0.63
Nick Collison,Okc,PF,30,71,21.3,43.5,9.9,0.167,73,0.753,242,0.566,0,0,0.6,4.6,4.5,12.3,1,6.8,5.2,0.59,0.44
Nene Hilario,Den,C,28,75,30.3,63.1,18.9,0.139,402,0.711,649,0.618,5,0.2,0.657,14.5,7.6,14.5,2,10.5,8,1.12,0.99
Nenad Krstic,Bos,C,27,24,22.8,46.8,18,0.112,80,0.75,147,0.537,0,0,0.598,9.1,5.3,14.4,0.3,2.4,4.3,0.38,0.33
Nenad Krstic,Okc,C,27,47,21.5,43.5,16.5,0.09,66,0.803,305,0.498,0,0,0.534,7.6,4.4,12,0.4,3.1,4.4,0.38,0.36
Nazr Mohammed,Cha,C,33,51,16.5,34,22.7,0.126,88,0.591,315,0.502,1,0,0.519,7.2,4.9,18.1,0.3,3.8,5.3,0.27,0.94
Nazr Mohammed,Okc,C,33,24,17.7,34.8,17.2,0.118,24,0.625,131,0.573,0,0,0.583,6.9,4.8,16,0.3,2.4,4.9,0.67,0.42
Nikola Pekovic,Min,C,24,65,13.4,27.8,19.8,0.227,114,0.763,263,0.517,0,0,0.573,5.5,3,12.3,0.4,4.9,5.6,0.28,0.54
Nate Robinson,Bos,PG,26,55,17.7,36.5,21.9,0.148,40,0.825,169,0.491,192,0.328,0.512,7.1,1.6,5.6,1.9,17.6,6.3,0.53,0.07
Nick Young,Was,SG,25,64,31.6,64.7,24.6,0.08,228,0.816,664,0.462,271,0.387,0.538,17.4,2.7,4.9,1.2,6.6,4.9,0.7,0.27
Omer Asik,Chi,C,24,82,11.9,24.5,12.7,0.238,145,0.503,141,0.553,0,0,0.559,2.8,3.7,18.4,0.4,4.8,5.4,0.24,0.7
Omri Casspi,Sac,SF,22,71,23.8,49,16.9,0.103,101,0.673,298,0.443,247,0.372,0.516,8.6,4.3,10.4,1,6.7,5.6,0.76,0.18
Othyus Jeffers,Was,SG,25,16,19.5,38.1,13.5,0.136,46,0.652,58,0.5,4,0.25,0.553,5.7,4.1,11.9,1.2,9.1,6.2,1.06,0
O.J. Mayo,Mem,SG,23,71,26.1,53.8,22,0.11,131,0.756,483,0.431,264,0.364,0.499,11.3,2.4,5.5,2,12.2,5.8,1.03,0.37
Pau Gasol,Lal,PF,30,82,36.8,76.1,21.9,0.097,430,0.823,1117,0.53,3,0.333,0.589,18.8,10.2,15.7,3.3,15.3,9.3,0.59,1.59
Paul George,Ind,SF,20,61,20.5,42.5,18,0.138,101,0.762,256,0.539,138,0.297,0.543,7.8,3.7,9.9,1.1,8.4,6.2,1.02,0.43
Paul Millsap,Uta,PF,25,76,33.9,69.9,22.8,0.113,338,0.757,965,0.535,24,0.375,0.578,17.3,7.6,13.6,2.5,12.8,8.1,1.33,0.91
Patrick Mills,Por,PG,22,64,12.1,24.9,24.9,0.151,47,0.766,195,0.451,133,0.353,0.506,5.5,0.8,4,1.7,24.8,6.5,0.42,0.02
Patrick Patterson,Hou,PF,21,52,16.5,33.8,16.3,0.098,42,0.714,265,0.562,2,0,0.574,6.3,3.8,13.2,0.8,7.5,6.5,0.33,0.71
Paul Pierce,Bos,SF,33,80,34.4,71.3,24.2,0.124,449,0.86,724,0.547,297,0.374,0.62,18.9,5.4,9.6,3.3,16.3,8.1,1,0.65
Peja Stojakovic,Dal,SF,33,25,20,41.5,18.8,0.055,16,0.938,78,0.474,105,0.4,0.566,8.6,2.6,7.7,0.9,7.1,5.4,0.44,0.08
Quincy Pondexter,Nor,SF,22,66,10.8,22.4,14.1,0.076,34,0.706,130,0.423,50,0.36,0.482,2.8,1.3,7.5,0.4,6.1,4.2,0.26,0.15
Quentin Richardson,Orl,SF,30,57,16.5,34.1,15.1,0.107,44,0.75,109,0.413,146,0.288,0.454,4.4,3.1,11,0.7,6.2,5.1,0.44,0.09
Ray Allen,Bos,SG,35,80,35.9,74.5,19.9,0.098,219,0.881,600,0.52,378,0.444,0.615,16.5,3.4,5.9,2.7,12.7,5.9,0.98,0.21
Ryan Anderson,Orl,SF,22,64,22.1,45.6,20.5,0.077,117,0.812,185,0.503,340,0.394,0.592,10.7,5.5,14.6,0.8,6.3,6.5,0.47,0.59
Ron Artest,Lal,SF,31,82,29.2,60.4,15.4,0.111,136,0.676,425,0.419,233,0.356,0.485,8.5,3.3,6.3,2.1,10.8,5.3,1.51,0.44
Rodrigue Beaubois,Dal,PG,23,28,17.5,36.3,27.1,0.165,32,0.781,140,0.493,83,0.301,0.502,8.5,1.8,6.1,2.3,22.2,7.5,0.71,0.29
Raja Bell,Uta,SG,34,68,30.6,63,12.7,0.11,102,0.892,274,0.449,193,0.352,0.528,8,2.6,5.1,1.7,8.3,4.3,0.82,0.21
Ronnie Brewer,Chi,SG,25,81,21.8,45,14.1,0.102,133,0.654,400,0.498,27,0.222,0.518,6.2,3.2,8.7,1.8,12.4,6,1.31,0.27
Rasual Butler,Lac,SF,31,41,17.9,36.7,15.8,0.085,27,0.667,97,0.32,129,0.326,0.433,5,1.9,6.1,0.7,5.6,4.2,0.2,0.37
Rodney Carney,Gol,SF,26,25,13,26.4,18.3,0.119,27,0.667,70,0.4,37,0.459,0.526,5,1.9,8.2,0.4,5,4.8,0.44,0.2
Reggie Evans,Tor,PF,30,30,26.4,54.3,10.2,0.216,88,0.545,102,0.412,1,0,0.466,4.4,11.5,25.8,1.3,6.5,6.1,0.97,0.2
Raymond Felton,Den,PG,26,21,31.3,65,18.7,0.163,60,0.617,143,0.42,61,0.459,0.523,11.5,3.6,6.6,6.5,31.3,8.3,1.33,0
Raymond Felton,Nyk,PG,26,54,38.2,78.9,22.8,0.167,181,0.867,533,0.471,268,0.328,0.524,17.1,3.6,5.4,9,37.5,8.6,1.8,0.2
Rudy Fernandez,Por,SG,25,78,23.1,47.9,18.8,0.121,146,0.863,214,0.453,361,0.321,0.522,8.6,2.2,5.8,2.5,17.1,6.3,1.12,0.18
Randy Foye,Lac,PG,27,63,24.4,50.3,20,0.137,149,0.893,314,0.43,217,0.327,0.516,9.8,1.6,3.9,2.7,17.7,5.7,0.75,0.33
Rudy Gay,Mem,SF,24,54,39.6,81.3,23.4,0.122,241,0.805,725,0.486,144,0.396,0.548,19.8,6.2,9.4,2.8,11.6,7.1,1.69,1.07
Ryan Gomes,Lac,PF,28,76,27.4,56.5,12.8,0.092,85,0.718,294,0.459,211,0.341,0.504,7.2,3.3,7.1,1.6,8.7,4.9,0.82,0.17
Richard Hamilton,Det,SG,32,55,27,55.5,26.2,0.105,172,0.849,527,0.442,144,0.382,0.52,14.1,2.3,5.2,3.1,20,6.9,0.71,0.07
Roy Hibbert,Ind,C,24,81,27.5,57,23.7,0.155,275,0.745,886,0.463,4,0,0.507,12.7,7.5,15.2,2,13,8.4,0.41,1.73
Ryan Hollins,Cle,PF,26,70,16.7,34.6,13.9,0.187,163,0.681,219,0.598,0,0,0.642,5.3,2.7,9.2,0.4,3.6,4.3,0.31,0.6
Richard Jefferson,San,SF,30,81,30.1,62.5,15.4,0.112,195,0.759,335,0.504,307,0.44,0.612,11,3.8,7.4,1.3,6.5,5,0.47,0.42
Rashard Levis,Orl,SF,31,25,32.2,65.5,18.7,0.108,45,0.756,150,0.46,120,0.367,0.524,12.2,4.2,7.7,1.2,5.9,4.9,0.88,0.4
Rashard Levis,Was,SF,31,32,31.5,63.6,16.9,0.135,51,0.843,188,0.511,124,0.347,0.544,11.4,5.8,10.4,2,10,6.5,0.94,0.63
Robin Lopez,Pho,C,22,67,14.6,29.7,20.8,0.107,100,0.74,357,0.501,0,0,0.539,6.4,3.2,12.7,0.1,1.3,3.5,0.27,0.67
Roger Mason Jr.,Nyk,SG,30,26,12,24.7,12.4,0.069,10,0.7,33,0.303,44,0.364,0.461,2.9,1.7,7.8,0.8,9.4,5.3,0.23,0.08
Ronnie Price,Uta,PG,27,59,12,24.6,18.3,0.195,39,0.744,141,0.383,69,0.29,0.434,3.3,1,5.2,0.9,11.9,4.8,0.71,0.08
Rajon Rondo,Bos,PG,24,68,36.9,76.5,18.3,0.243,132,0.568,626,0.49,43,0.233,0.494,10.6,4.3,7.2,11.2,47.4,8.7,2.18,0.16
Ramon Sessions,Cle,PG,24,81,26.1,54.2,24.4,0.156,423,0.823,761,0.472,15,0.2,0.559,13.3,3.1,6.9,5.2,35.4,9.2,0.74,0.1
Rodney Stuckey,Det,PG,24,70,31,63.8,24.7,0.135,381,0.866,737,0.457,90,0.289,0.544,15.5,3.1,6.1,5.2,27.7,8.1,1.09,0.14
Ronny Turiaf,Nyk,C,28,64,17.6,36.5,9.7,0.166,98,0.622,163,0.632,0,0,0.648,4.2,3.2,10.5,1.4,11.6,6,0.55,1.14
Russell Westbrook,Okc,PG,22,82,34.5,70.7,31.8,0.159,631,0.842,1286,0.451,104,0.327,0.538,21.9,4.6,7.8,8.2,43.1,10.9,1.89,0.35
Reggie Williams,Gol,SF,24,80,20.1,41.6,18.8,0.083,134,0.746,331,0.502,240,0.425,0.586,9.2,2.7,7.6,1.5,11.6,6.6,0.35,0.04
Shane Battier,Hou,SF,32,59,30.6,62.9,12.3,0.125,76,0.645,183,0.536,225,0.391,0.577,8.6,4.7,8.8,2.6,12.2,6.2,0.88,1.2
Shane Battier,Mem,SF,32,23,24,48.3,10.2,0.129,17,0.882,59,0.492,42,0.333,0.53,5,4,10,1.4,8,5.1,0.7,0.43
Steve Blake,Lal,PG,30,79,19.8,41,11.4,0.186,30,0.867,113,0.327,193,0.378,0.5,4,2,5.6,2.2,15.1,5.3,0.51,0.04
Shannon Brown,Lal,SG,25,82,18.9,39.1,22.4,0.098,101,0.911,431,0.462,212,0.349,0.518,8.7,1.9,5.7,1.2,10.1,5.7,0.82,0.2
Stephen Curry,Gol,PG,22,74,33.5,69.1,24.6,0.164,227,0.934,711,0.498,342,0.442,0.595,18.6,3.9,6.5,5.8,28.2,8.9,1.47,0.27
Samuel Dalembert,Sac,C,29,80,24,49.5,17.2,0.173,148,0.73,565,0.474,2,0,0.509,8.1,8.2,19.5,0.8,5.4,6.3,0.45,1.46
Semih Erden,Bos,C,24,37,14.1,29.1,14,0.209,54,0.63,97,0.598,0,0,0.621,4.1,2.9,12.6,0.5,5.6,5.1,0.35,0.57
Sundiata Gaines,Njn,PG,24,10,14.4,26.4,22.5,0.186,20,0.55,31,0.516,17,0.235,0.484,5.5,2.4,9.9,2.5,29.4,8.9,0.9,0
Stephen Graham,Njn,SF,28,59,16.1,32.7,12.5,0.149,38,0.816,179,0.425,21,0.238,0.457,3.4,2,7.5,0.7,6.6,4.2,0.24,0.02
Spencer Hawes,Phi,PF,22,81,21,43.2,19,0.138,88,0.534,531,0.48,37,0.243,0.481,7.2,5.7,15.7,1.5,11.3,7.5,0.36,0.88
Serge Ibaka,Okc,PF,21,82,26.8,55,15.9,0.092,184,0.75,616,0.544,1,0,0.579,9.9,7.6,16.6,0.3,1.6,4.2,0.38,2.43
Stephen Jackson,Cha,SF,32,67,35.7,73.8,27.5,0.149,305,0.816,700,0.449,359,0.337,0.52,18.5,4.5,7.7,3.6,18.5,7.5,1.19,0.42
Solomon Jones,Ind,C,26,39,13.3,27.5,15.6,0.191,62,0.661,120,0.408,1,0,0.469,3.6,2.9,12.1,0.8,8.7,6.1,0.31,0.56
Shaun Livingston,Cha,PG,25,73,17.1,35.3,20.3,0.163,125,0.864,393,0.468,4,0.25,0.53,6.6,2,7.2,2.2,22.8,7.2,0.64,0.4
Shawn Marion,Dal,SF,32,80,28,58.2,21.7,0.125,164,0.768,802,0.535,32,0.156,0.551,12.5,6.9,14.4,1.4,8.4,7.1,0.85,0.63
Steve Nash,Pho,PG,36,75,33.1,67.7,21.6,0.224,249,0.912,606,0.525,205,0.395,0.601,14.7,3.5,6.1,11.4,53.5,10.1,0.64,0.07
Shaquille OÕNeal,Bos,C,38,37,20.1,41.5,20.3,0.178,131,0.557,201,0.667,0,0,0.659,9.2,4.8,14.7,0.7,5.7,6.2,0.43,1.14
Sasha Pavlovic,Dal,SF,27,10,16.1,33.3,12.2,0.118,5,0.8,19,0.421,16,0.438,0.551,4.1,1.2,4.3,0.7,6.3,3.8,0.5,0.3
Samardo Samuels,Cle,PF,21,37,18.8,38.8,22.3,0.155,110,0.618,238,0.462,3,0,0.498,7.8,4.2,13,0.5,4.3,5.4,0.41,0.49
Sebastian Telfair,Min,PG,25,37,19,39.2,20.1,0.193,60,0.733,163,0.423,78,0.359,0.497,7.2,1.5,4.3,3,24.5,6.7,0.68,0.08
Sasha Vujacic,Njn,SG,26,56,28.3,57.5,19.8,0.09,94,0.851,317,0.432,255,0.369,0.518,11.4,3.2,6.8,2.3,13.8,6.2,0.95,0.09
Sonny Weems,Tor,SF,24,59,23.8,49.1,20.5,0.134,94,0.766,452,0.467,61,0.279,0.492,9.2,2.6,6.5,1.8,11.7,5.9,0.56,0.03
Shelden Williams,Nyk,PF,27,19,10.4,21.3,13.4,0.1,29,0.828,40,0.525,1,0,0.614,3.5,2.7,14.7,0.7,9.5,7.2,0.32,0.21
Shelden Williams,Den,PF,27,42,16.8,34.8,15.1,0.155,46,0.739,181,0.453,0,0,0.492,4.7,5.3,18.3,0.5,4,5.5,0.43,0.52
Shawne Williams,Nyk,SF,24,64,20.4,42.3,15.4,0.102,49,0.837,173,0.457,212,0.401,0.558,7.1,3.7,10.4,0.7,5.3,5.2,0.61,0.8
Sam Young,Mem,SG,25,78,20,41.2,17.5,0.101,116,0.767,444,0.486,50,0.34,0.525,7.3,2.4,7.2,0.9,6.9,5,0.87,0.29
Tony Allen,Mem,SG,28,72,20.5,42.3,20.1,0.131,182,0.753,469,0.527,23,0.174,0.562,8.9,2.7,7.8,1.4,11.1,6.3,1.79,0.61
Trevor Ariza,Nor,SF,25,75,34.3,70.9,17.9,0.122,197,0.701,491,0.45,271,0.303,0.487,11,5.4,9.6,2.2,10.1,5.9,1.61,0.41
Trevor Booker,Was,C,22,65,16.1,33.1,14.1,0.113,102,0.667,252,0.552,1,0,0.581,5.3,3.9,13.6,0.5,5.3,5.4,0.45,0.65
Tyson Chandler,Dal,C,28,74,27.6,57.5,14.3,0.141,295,0.732,407,0.654,0,0,0.697,10.1,9.4,19.8,0.4,2.4,4.9,0.49,1.08
Toney Douglas,Nyk,PG,24,81,24.1,50,20.2,0.1,107,0.794,371,0.461,382,0.374,0.535,10.6,3,7.1,3,19.7,7.6,1.09,0.05
Tim Duncan,San,PF,34,76,28.2,58.4,23,0.114,257,0.716,834,0.502,4,0,0.537,13.4,8.9,18.4,2.7,15.8,9.7,0.66,1.92
Tyreke Evans,Sac,PG,21,57,36.8,75.6,25.5,0.149,266,0.771,785,0.432,148,0.291,0.482,17.8,4.8,7.5,5.6,25.1,8.5,1.49,0.53
T.J. Ford,Ind,PG,27,41,18.7,38.5,18.5,0.197,48,0.729,204,0.417,32,0.188,0.434,5.4,2,5.9,3.4,28.8,7.1,0.85,0.2
Taj Gibson,Chi,PF,25,80,21.6,44.6,17,0.113,148,0.676,494,0.472,8,0.125,0.502,7.1,5.7,15.5,0.7,5.3,5.6,0.49,1.33
Tyler Hansbrough,Ind,PF,24,70,21.7,45,23.3,0.095,253,0.779,611,0.466,2,0,0.529,11,5.2,13.4,0.6,4.7,6,0.53,0.21
Ty Lawson,Den,PG,23,80,26.1,54.3,19.7,0.148,225,0.764,517,0.536,171,0.404,0.593,11.7,2.6,5.8,4.7,28.6,8,1,0.05
Tracy McGrady,Det,SG,31,72,23.2,47.8,18.8,0.151,129,0.698,427,0.464,88,0.341,0.504,8,3.5,9.2,3.5,23.7,7.9,0.92,0.47
Timofey Mozgov,Nyk,C,24,34,13.3,27.3,16.1,0.196,44,0.705,112,0.464,0,0,0.514,4,3.1,13.2,0.4,4.9,5.1,0.41,0.68
Troy Murphy,Bos,PF,30,17,10.2,20.8,14,0.138,13,0.846,28,0.536,10,0.1,0.503,2.6,2.2,13.5,0.4,5.1,5.2,0.47,0.06
Troy Murphy,Njn,PF,30,18,15.8,30.6,15.8,0.135,17,0.529,53,0.415,23,0.174,0.389,3.6,4.1,15.4,0.9,9.4,6,0.39,0.11
Travis Outlaw,Njn,SF,26,82,28.6,58.5,17.4,0.081,171,0.772,478,0.414,252,0.302,0.469,9.2,4,8.2,1,5.9,4.7,0.41,0.45
Tony Parker,San,PG,28,78,32.2,66.7,25.7,0.143,303,0.769,999,0.531,70,0.357,0.569,17.5,3.1,5.5,6.6,35.5,8.8,1.14,0.04
Tayshaun Prince,Det,SF,30,78,32.7,67.3,21.2,0.071,168,0.702,903,0.486,98,0.347,0.511,14.1,4.2,7.9,2.8,14.5,6.7,0.38,0.53
Thabo Sefolosha,Okc,SG,26,79,25.7,52.7,9.4,0.13,79,0.747,231,0.558,102,0.275,0.545,5.1,4.4,10,1.4,7.9,4.9,1.23,0.48
Tiago Splitter,San,C,25,60,12.1,25.1,18,0.112,140,0.543,190,0.532,1,0,0.55,4.6,3.4,16,0.4,5.4,6.1,0.48,0.28
Tyrus Thomas,Cha,PF,24,41,20.8,42.8,25.1,0.143,136,0.787,328,0.476,3,0,0.536,10.2,5.5,15.9,0.7,6.3,6.5,0.73,1.61
Terrence Williams,Njn,SF,23,10,20.4,37.5,23.3,0.244,10,0.5,61,0.41,12,0.333,0.433,6.7,3.6,10.4,3.1,25.9,8.3,0.5,0
Thaddeus Young,Phi,PF,22,82,25.8,53.1,22.2,0.097,174,0.707,825,0.548,22,0.273,0.566,12.7,5.3,11.8,1,6.8,6.3,1.1,0.32
Udonis Haslem,Mia,PF,30,13,26.3,53,14.9,0.129,20,0.8,86,0.512,0,0,0.549,8,8.2,18.4,0.5,2.8,4.9,0.54,0.23
Vince Carter,Orl,SG,34,22,30,60.8,23.5,0.107,75,0.747,188,0.521,78,0.346,0.557,15.1,4.1,8,2.9,17.4,7.5,0.91,0.14
Vince Carter,Pho,SG,34,51,27,54.9,23.6,0.075,98,0.735,382,0.458,243,0.366,0.516,13.5,3.6,7.7,1.6,9.7,6.3,0.92,0.33
Vladimir Radmanovic,Gol,SF,29,74,15.6,32.3,14.9,0.146,34,0.882,145,0.462,173,0.405,0.562,5.1,2.9,10.4,1.1,9.7,6.5,0.59,0.59
Will Bynum,Det,PG,28,61,18.3,37.6,22.7,0.153,122,0.836,356,0.466,50,0.32,0.524,7.9,1.2,4.1,3.2,28.9,6.8,0.85,0.07
Wilson Chandler,Den,SF,23,21,30.4,63,20.7,0.125,42,0.81,166,0.452,75,0.347,0.505,12.5,5,9.5,1.6,8.3,6.1,0.67,1.1
Wilson Chandler,Nyk,SF,23,51,34.3,70.9,21.1,0.081,119,0.807,467,0.518,245,0.351,0.548,16.4,5.9,9.9,1.7,8.1,6.4,0.67,1.35
Wayne Ellington,Min,SG,23,62,18.9,39,17.2,0.112,53,0.792,276,0.406,121,0.397,0.488,6.6,1.7,5.1,1.2,9.6,5,0.45,0.05
Willie Green,Nor,SG,29,77,21.4,44.2,20.8,0.093,100,0.78,454,0.476,155,0.348,0.515,8.7,2.1,5.9,1,7.8,4.9,0.47,0.17
Wesley Johnson,Min,SF,23,79,26,53.9,17,0.116,92,0.696,393,0.427,289,0.356,0.491,9,3,6.5,1.9,11.2,5.7,0.73,0.68
Wesley Matthews,Por,SG,24,82,33.4,69.2,21.4,0.11,315,0.844,601,0.476,378,0.407,0.582,15.9,3.1,5.8,2,10.2,5.5,1.24,0.11
Xavier Henry,Mem,SG,19,38,13.7,27.9,17,0.066,52,0.635,143,0.441,17,0.118,0.451,4.3,1,4.2,0.5,5.1,3.8,0.29,0.08
Yi Jianlian,Was,PF,23,63,17.5,35.8,17.6,0.116,91,0.681,334,0.425,13,0.231,0.459,5.6,3.9,12.9,0.4,3.6,4.7,0.43,0.51
Zabian Dowdell,Pho,PG,26,24,11.9,23.5,25.5,0.18,17,0.941,115,0.417,10,0.3,0.457,5,0.8,4,2.1,28.5,6.8,0.83,0.08
Zydrunas Ilgauskas,Mia,C,35,72,15.7,32.5,16.2,0.133,46,0.783,318,0.509,1,0,0.531,5,4,15.1,0.4,3.7,5.1,0.31,0.82
Zaza Pachulia,Atl,C,26,79,15.5,32.3,14.7,0.182,179,0.754,232,0.461,0,0,0.562,4.4,4.2,16.3,0.7,7.1,6.1,0.43,0.28
Zach Randolph,Mem,PF,29,75,36.1,74.5,25.2,0.1,396,0.758,1144,0.516,43,0.186,0.552,20.1,12.2,20.2,2.2,10.3,9,0.84,0.33