,,,,,,,,,,,,,,,,,,,,,,,,,,,
FULL NAME,TEAM,POS,AGE,GP,MPG,MIN%,USG%,TO%,FTA,FT%,2PA,2P%,3PA,3P%,eFG%,TS%,PPG,RPG,TRB%,APG,AST%,SPG,BPG,TOPG,VI,ORTG,DRTG
Precious Achiuwa,Mia,F,21.53,45,12.8,26.7,19.5,14.7,94,0.5,173,0.561,0,0,0.561,0.562,5.4,3.6,15.7,0.5,6.6,0.33,0.51,0.82,6.7,106.4,98.4
Jaylen Adams,Mil,G,24.9,7,2.6,5.4,18.5,0,0,0,6,0.167,2,0,0.125,0.125,0.3,0.4,8.7,0.3,12.8,0,0,0,5.1,,
Steven Adams,Nor,C,27.69,43,28.1,58.6,12,18.8,99,0.455,230,0.639,3,0,0.631,0.613,7.9,8.9,17.6,1.9,8.9,0.91,0.67,1.49,7.3,121.5,109.6
Bam Adebayo,Mia,C-F,23.7,41,33.8,70.3,24,15.1,232,0.836,522,0.569,7,0.286,0.567,0.629,19.4,9.6,15.9,5.3,27.1,0.88,1.17,2.73,11.8,121.5,103.8
LaMarcus Aldridge,San,C-F,35.7,21,25.9,54,22.8,7,37,0.838,173,0.509,75,0.36,0.518,0.545,13.7,4.5,9.1,1.7,10.2,0.38,0.86,0.95,7.3,107.1,108.5
Ty-Shon Alexander,Pho,G,22.7,4,2.4,5.1,18.4,0,0,0,2,0,2,0,0,0,0,0.3,5.8,0.3,11.8,0,0,0,0,,
Nickeil Alexander-Walker,Nor,G,22.57,38,20.1,41.8,22.5,12.2,43,0.767,163,0.497,171,0.345,0.507,0.527,9.8,3,8.4,2,14,0.95,0.45,1.29,7.7,102.6,107.2
Grayson Allen,Mem,G,25.48,32,24.2,50.5,16.1,10.1,51,0.902,84,0.44,160,0.406,0.551,0.591,9.8,3.3,7.2,2.1,11.5,1.03,0.16,0.94,6.7,115.9,108.6
Jarrett Allen,Bro,C,22.94,12,26.6,55.5,15.5,19.3,61,0.754,65,0.677,0,0,0.677,0.73,11.2,10.4,21.9,1.7,8.3,0.58,1.58,1.83,8.8,134.6,106.8
Jarrett Allen,Cle,C,22.94,32,29.4,61.3,17.3,11.4,155,0.684,253,0.632,12,0.417,0.632,0.662,13.8,9.8,18.4,1.7,9.2,0.38,1.75,1.34,8.3,128.1,109.8
Al-Farouq Aminu,Orl,F,30.52,17,21.6,44.9,14.3,20.6,17,0.824,58,0.5,31,0.226,0.444,0.482,5.5,5.4,12.9,1.7,11.2,1,0.53,1.47,6.8,93.3,106.5
Al-Farouq Aminu,Chi,F,30.52,1,12.3,25.6,13.5,51.5,2,1,0,0,1,0,0,0.532,2,5,22.5,0,0,0,0,2,0,53.3,93.7
Kyle Anderson,Mem,F-G,27.52,42,27.1,56.5,18.7,11.3,103,0.757,248,0.552,156,0.359,0.547,0.579,12.4,5.6,11,3.4,17.4,1.17,0.67,1.36,9.1,114.8,106.4
Giannis Antetokounmpo,Mil,F,26.31,43,34,70.8,32.7,13.7,424,0.679,630,0.622,165,0.303,0.587,0.622,28.4,11.4,17.6,6.3,30,1.16,1.26,3.63,14.9,119.9,101.4
Kostas Antetokounmpo,Lal,F,23.36,6,4.4,9.1,19.6,51,4,0.5,4,0.5,0,0,0.5,0.521,1,1.7,21.2,0,0,0.33,0.5,1,0,57.3,89.8
Thanasis Antetokounmpo,Mil,F,28.7,34,9.8,20.5,14.9,21.1,24,0.458,65,0.631,18,0.333,0.602,0.593,3.3,2.3,12.1,0.8,10.7,0.35,0.21,0.74,7.4,111.7,100.6
Carmelo Anthony,Por,F,36.83,45,26,54.1,23.3,7.3,119,0.866,326,0.439,206,0.383,0.492,0.536,13.9,3.3,6.8,1.7,10.1,0.82,0.71,1.02,6.6,109.8,112.5
Cole Anthony,Orl,G,20.87,25,26.7,55.6,22.3,14.8,55,0.836,186,0.398,83,0.325,0.426,0.469,11,4.4,8.7,3.8,21.7,0.68,0.44,2.04,8.5,95.1,107.5
OG Anunoby,Tor,F,23.7,29,33.5,69.7,17.7,13.1,69,0.754,151,0.57,165,0.406,0.59,0.614,14.7,5.9,9.7,1.8,8.2,1.66,0.79,1.79,6.4,112.7,107.5
Ryan Arcidiacono,Chi,G,27.01,28,11.2,23.3,13.2,7.3,16,0.75,33,0.485,49,0.327,0.488,0.517,3.3,1.6,7.8,1.3,15.2,0.25,0,0.25,6.8,114,105.7
Trevor Ariza,Mia,F,35.75,6,22.8,47.5,16.1,6.1,7,0.857,20,0.4,23,0.217,0.36,0.401,6.2,4.7,11.4,1.7,10.5,0.67,0.83,0.5,6.4,91.4,106.5
D.J. Augustin,Mil,G,33.38,37,19.3,40.1,14.3,14,40,0.9,63,0.349,129,0.38,0.497,0.542,6.1,1.4,3.7,3,18.8,0.54,0.03,0.92,6.1,114.8,111.7
D.J. Augustin,Hou,G,33.38,6,21.1,43.9,20.4,18.2,12,1,21,0.619,23,0.348,0.568,0.629,10.3,2.3,5.9,4.3,32.3,0.67,0,1.83,8.9,119.5,112.1
Deni Avdija,Was,F,20.24,41,22.1,46,12.1,10.7,26,0.654,101,0.564,122,0.336,0.531,0.542,6.2,4.5,10.9,1.2,7.1,0.59,0.22,0.68,5.8,104.3,104
Deandre Ayton,Pho,C,22.69,45,30.6,63.7,19.2,12.3,116,0.767,452,0.624,17,0.235,0.614,0.639,14.8,11,20,1.5,7.3,0.36,1.11,1.62,8.2,123.8,99.7
Udoka Azubuike,Uta,C-F,21.53,12,4.1,8.5,11.1,23.7,6,0.667,7,0.571,0,0,0.571,0.622,1,1.1,14,0,0,0.08,0.33,0.25,0,107.8,93.6
Dwayne Bacon,Orl,G-F,25.58,46,25.3,52.7,19,6.3,97,0.845,295,0.434,141,0.333,0.455,0.5,10.4,3,6.1,1.2,7.4,0.52,0.07,0.7,5.3,101.7,110
Marvin Bagley III,Sac,F,22.04,37,25.7,53.6,23.1,9.6,109,0.56,320,0.547,96,0.354,0.543,0.553,13.9,7.4,16,0.9,5.4,0.49,0.51,1.32,7,109.3,110.6
LaMelo Ball,Cha,G,19.6,41,28.6,59.7,25.3,16.5,123,0.789,310,0.503,216,0.375,0.528,0.562,15.9,5.9,11.1,6.1,33.6,1.59,0.34,2.8,11.6,111.1,103.6
Lonzo Ball,Nor,G,23.42,38,31.7,66.1,19.7,13.7,43,0.767,165,0.497,296,0.385,0.549,0.562,14.2,4.2,7.3,5.6,24.1,1.32,0.55,2,8.8,113.4,111.4
Mo Bamba,Orl,C,22.88,24,11,22.9,20.8,7.9,18,0.556,68,0.588,41,0.268,0.518,0.526,5.1,4,19.1,0.4,6.2,0.13,0.96,0.42,7.3,107.4,98.8
Desmond Bane,Mem,G,22.76,40,22.4,46.6,16.2,11.6,30,0.833,139,0.518,153,0.458,0.606,0.621,9.5,2.9,6.9,1.3,8.2,0.68,0.15,1,5.9,113.3,106.3
Harrison Barnes,Sac,F,28.83,44,35.9,74.9,17,10.3,190,0.826,298,0.564,182,0.363,0.556,0.613,15.7,6.5,10.1,3.6,13.3,0.7,0.16,1.48,8,122.6,118
RJ Barrett,Nyk,F-G,20.79,47,34.1,70.9,24.1,10.7,193,0.731,534,0.478,165,0.333,0.483,0.52,17.4,6.1,9.6,3.1,15.1,0.72,0.23,2,8.1,104.6,104.4
Will Barton,Den,G,30.23,43,30.9,64.4,18.9,12.5,76,0.737,272,0.474,197,0.376,0.512,0.533,12.5,4.1,7.5,3,13.2,0.88,0.49,1.67,6.9,105.7,112.3
Keita Bates-Diop,San,F,25.18,16,7.4,15.4,13.8,2.7,10,0.7,17,0.353,15,0.333,0.422,0.467,2.1,1.3,8.9,0.4,7.8,0.38,0.06,0.06,5.6,107.3,109.3
Nicolas Batum,Lac,G-F,32.29,45,28.7,59.7,11.7,10,46,0.848,92,0.543,194,0.428,0.61,0.633,8.6,4.8,9.4,2.3,10.5,1.13,0.36,0.76,6.4,128.2,108
Aron Baynes,Tor,C-F,34.31,44,18.3,38.1,16.2,11.9,34,0.735,167,0.521,84,0.238,0.466,0.487,5.9,5.1,15.3,0.9,7.2,0.27,0.41,0.82,6.6,102.4,103.7
Kent Bazemore,Gol,G-F,31.75,45,16.3,34.1,16.5,17.2,44,0.682,110,0.509,107,0.393,0.548,0.567,6,2.9,9.3,1.5,12.9,0.8,0.51,1.09,7.3,101.3,99.9
Darius Bazley,Okc,F-G,20.8,36,30.7,63.9,19.7,12.6,81,0.704,217,0.479,186,0.29,0.459,0.487,11.9,7.5,12.8,1.5,7.4,0.5,0.64,1.75,6.7,91.1,110.6
Bradley Beal,Was,G,27.75,41,35.5,73.9,34.5,11.3,328,0.902,660,0.544,266,0.338,0.533,0.6,31.3,5,7.5,4.8,24.1,1.2,0.37,3.34,10.2,113.9,110.7
Malik Beasley,Min,G,24.34,35,33,68.7,24.4,8.8,74,0.851,271,0.498,308,0.396,0.549,0.571,20,4.5,7.3,2.5,12.5,0.83,0.17,1.69,7.4,108.9,114.9
Jordan Bell,Was,F,26.23,3,16.6,34.6,15,16.7,0,0,13,0.385,2,0,0.333,0.333,3.3,5.3,17,1.7,13.1,0.33,1,1,7.5,83.7,107.5
DeAndre' Bembry,Tor,G-F,26.74,32,17.1,35.7,12.7,20.4,25,0.68,90,0.6,28,0.321,0.572,0.589,4.8,2.4,7.7,1.9,15.8,0.66,0.31,1.03,6.5,109.6,108.1
Davis Bertans,Was,F,28.38,35,24.7,51.4,16.3,6.2,68,0.853,34,0.441,254,0.382,0.557,0.596,10.8,2.9,6.3,0.9,4.7,0.6,0.23,0.6,4.9,115.7,108.5
Patrick Beverley,Lac,G,32.71,29,23.8,49.5,14.5,12,39,0.795,62,0.484,119,0.42,0.58,0.608,8.3,3.7,8.7,2.1,11.4,0.86,0.79,0.93,6.7,121.7,100.5
Saddiq Bey,Det,F,21.97,44,24.9,51.9,17.6,7.2,79,0.873,118,0.441,258,0.395,0.545,0.583,10.9,4.2,9.3,1.3,8.2,0.61,0.11,0.73,6.3,115.1,108.9
Tyler Bey,Dal,F,23.13,9,3.5,7.3,17.9,0,4,0.5,10,0.3,1,0,0.273,0.313,0.9,1.2,19,0.1,4.2,0,0.11,0,5.4,,
Khem Birch,Orl,C,28.5,45,20.3,42.2,12.1,8.3,85,0.741,176,0.489,20,0.2,0.469,0.529,5.5,5.3,13.6,1.1,7.8,0.67,0.62,0.47,6.3,122.5,107.9
Goga Bitadze,Ind,C-F,21.69,26,9.5,19.8,18.9,9.2,26,0.692,58,0.638,29,0.207,0.529,0.559,4.2,2.4,14.2,0.3,4.6,0.19,1.08,0.38,6.1,113.7,98.4
Bismack Biyombo,Cha,C,28.58,43,21.7,45.2,11.3,17.9,72,0.486,169,0.58,1,0,0.576,0.573,5.4,5.3,13.4,1.3,8.5,0.28,1.14,1.02,6.2,114.4,105.2
Nemanja Bjelica,Sac,F,32.89,26,16.9,35.2,19.2,14.3,42,0.762,92,0.565,58,0.293,0.517,0.555,7.2,3.8,12.6,1.9,15.1,0.31,0.08,1.08,8.8,110.2,109.6
Eric Bledsoe,Nor,G,31.31,45,29.6,61.6,17.7,12.3,99,0.657,224,0.469,218,0.367,0.509,0.53,11.4,3.4,6.3,3.8,17.3,0.71,0.29,1.51,7.1,108.7,113.7
Keljin Blevins,Por,G,25.35,9,5.2,10.9,12.9,21.4,0,0,7,0.286,4,0,0.182,0.182,0.4,0.2,2.3,0.4,10.7,0.22,0,0.33,2.4,47.4,113.7
Bojan Bogdanovic,Uta,F,31.95,46,30.1,62.6,20.4,10.2,139,0.871,243,0.444,286,0.385,0.516,0.565,14.5,3.8,6.7,1.9,9.1,0.48,0.04,1.46,6.3,111.8,107.4
Bogdan Bogdanovic,Atl,G,28.61,21,23.3,48.5,19.2,9.2,15,0.933,70,0.543,121,0.339,0.521,0.539,10.1,3.1,7.4,2.3,14.7,0.57,0.19,0.95,7.1,110,108.1
Bol Bol,Den,C-F,21.37,20,5.3,11.1,19.7,18.7,7,0.571,18,0.556,18,0.5,0.653,0.653,2.6,0.8,8.5,0.3,7.8,0.1,0.3,0.45,6.4,104.3,105.8
Marques Bolden,Cle,C,22.95,6,4.8,9.9,12.9,23.5,8,0.625,3,0.333,0,0,0.333,0.537,1.2,1,11.6,0,0,0.33,0.33,0.33,0,99.7,115.6
Jordan Bone,Orl,G,23.4,14,14,29.2,12.6,5.3,0,0,22,0.591,32,0.313,0.519,0.519,4,1.7,6.4,1.3,13.4,0.14,0,0.21,5.9,112.9,111.7
Isaac Bonga,Was,G,21.39,29,11.9,24.8,9.2,19.6,6,0.5,24,0.5,35,0.314,0.483,0.487,2.1,2,8.7,0.6,6.1,0.24,0.24,0.52,4.6,95.8,103.6
Devin Booker,Pho,G,24.41,41,33.9,70.7,32.3,13.5,220,0.845,536,0.552,239,0.351,0.545,0.591,25.1,4.1,6.8,4.6,22.2,0.9,0.24,3.32,9.2,108.7,104.6
Chris Boucher,Tor,F-C,28.21,47,23.2,48.4,20.5,6.4,150,0.767,248,0.613,171,0.409,0.613,0.648,13.4,6.3,15.1,1,6.7,0.49,1.94,0.7,7.6,129.2,103.7
Brian Bowen II,Ind,F-G,22.49,3,2.7,5.7,12.8,0,1,1,2,0.5,0,0,0.5,0.615,1,0.3,6.8,0,0,0,0,0,0,,
Avery Bradley,Mia,G,30.34,10,21.1,43.9,16.8,11.4,9,0.778,28,0.536,38,0.421,0.591,0.607,8.5,1.8,4.8,1.4,10.3,0.7,0.1,0.9,5.3,110,101.1
Tony Bradley,Phi,C-F,23.22,20,14.4,29.9,12.7,7,11,0.636,74,0.689,1,0,0.68,0.683,5.5,5.2,19.9,0.9,8.6,0.3,0.65,0.3,8.2,144,99.8
Jarrell Brantley,Uta,F,24.81,15,2.9,6,19.7,5,2,1,8,0.5,10,0.4,0.556,0.583,1.5,0.6,11,0.2,10.3,0.2,0.07,0.07,7.8,,
Ignas Brazdeikis,Nyk,F,22.22,4,1.8,3.7,17.9,34.7,2,1,1,0,0,0,0,0.532,0.5,0.5,15.1,0.3,17.4,0,0,0.25,9.4,,
Miles Bridges,Cha,F,23.03,45,26.5,55.3,15.3,16.6,55,0.909,184,0.603,148,0.372,0.583,0.613,9.7,5.8,11.8,2,10.6,0.62,0.67,1.58,7.3,112.5,106.7
Mikal Bridges,Pho,F,24.58,45,32.7,68.1,15.2,8,91,0.835,226,0.628,196,0.413,0.624,0.653,13.4,4.9,8.4,2.4,10.1,0.91,0.89,0.89,6.6,129.2,108.6
Malcolm Brogdon,Ind,G,28.3,43,35.3,73.6,25.7,10.3,123,0.87,474,0.494,285,0.411,0.54,0.569,21.5,4.7,7.4,5.9,26.3,1.05,0.23,2.16,9.5,113.3,111.4
Dillon Brooks,Mem,G-F,25.18,41,29.2,60.8,26.3,10.6,108,0.852,386,0.446,235,0.319,0.458,0.494,16.1,3,5.4,2.5,12.5,1.27,0.39,1.93,6.8,97.7,102.7
Troy Brown Jr.,Was,G-F,21.67,21,13.7,28.5,16.2,14.3,15,0.667,43,0.442,46,0.304,0.449,0.471,4.3,2.9,11.3,0.9,8.8,0.14,0.19,0.76,6.5,92.2,107.2
Troy Brown Jr.,Chi,G-F,21.67,2,15.2,31.7,14.5,9.7,3,0.667,6,0.667,2,0.5,0.688,0.697,6.5,1,3.6,1.5,13.8,1.5,0,0.5,5.6,132.2,95.3
Bruce Brown,Bro,G-F,24.62,43,21.2,44.2,16,10.2,72,0.736,229,0.598,40,0.25,0.565,0.594,8.3,4.5,11.8,1.5,9.8,0.7,0.28,0.79,7.2,122.2,106
Jaylen Brown,Bos,G-F,24.43,43,34,70.8,30.2,11.7,193,0.762,537,0.533,285,0.393,0.552,0.582,24.5,5.6,9.2,3.7,18.6,1.19,0.51,2.79,9.4,111.8,107.9
Moses Brown,Okc,C,21.46,17,18.2,38,18.1,10.1,59,0.559,90,0.589,0,0,0.589,0.599,8.2,7.9,22.8,0.2,2,0.59,1.24,0.76,5.2,122,100.6
Sterling Brown,Hou,G-F,26.13,44,24.2,50.4,13.3,10.6,24,0.917,100,0.49,186,0.403,0.565,0.582,7.8,4.7,10.3,1.5,8.9,0.82,0.27,0.8,6.3,112.7,106.8
Jalen Brunson,Dal,G,24.58,41,25,52.1,20,12.1,102,0.794,236,0.602,125,0.392,0.597,0.631,12.5,3.5,7.7,3.3,20.2,0.54,0,1.37,8.4,121.5,110.5
Thomas Bryant,Was,C-F,23.66,10,27.1,56.4,17.3,9.8,24,0.667,70,0.714,21,0.429,0.698,0.704,14.3,6.1,11.9,1.5,8.5,0.4,0.8,1.1,7.5,130.9,106
Reggie Bullock,Nyk,G-F,30.04,40,27.6,57.6,14.2,8.4,29,0.862,107,0.467,207,0.386,0.541,0.559,9.1,3.4,6.5,1.3,6.9,0.73,0.2,0.75,5,109.9,104.3
Trey Burke,Dal,G,28.38,44,15.1,31.5,19.4,8.3,38,0.868,126,0.524,123,0.374,0.542,0.57,6.9,1,3.5,1.4,13.9,0.59,0.05,0.55,5.6,113.4,110.8
Alec Burks,Nyk,G,29.69,35,26.4,55,20.9,8.2,90,0.856,190,0.437,174,0.408,0.521,0.565,13,4.5,9.2,2.2,13.2,0.77,0.29,1.03,7.6,114.4,103.7
Jimmy Butler,Mia,F,31.54,32,33.6,69.9,27.3,11,254,0.85,409,0.528,63,0.206,0.499,0.588,21.5,7.7,12.8,7.3,37.3,1.91,0.38,2.25,12.7,123.5,106
Bruno Caboclo,Hou,F,25.52,6,6.1,12.6,25.6,18.3,2,0.5,12,0.667,5,0,0.471,0.475,2.8,2.3,20.4,0.2,4.7,0,0.33,0.67,7.1,83.1,95.8
Devontae Cacok,Lal,F,24.47,9,5,10.5,16.2,11.8,2,0,14,0.643,0,0,0.643,0.605,2,1.4,15.9,0.1,3.4,0.44,0.11,0.22,5.2,111.6,94.8
Kentavious Caldwell-Pope,Lal,G,28.11,43,26.3,54.7,13.9,12.5,64,0.859,128,0.461,160,0.394,0.533,0.572,8.4,2.4,5.1,1.5,7.7,0.79,0.28,1.05,4.7,108.8,104.6
Facundo Campazzo,Den,G,30.02,40,17.9,37.2,13.2,16.3,41,0.805,50,0.42,112,0.357,0.5,0.542,4.9,1.4,4.3,2.8,19.1,1,0.2,0.88,6,113.7,105
Vlatko Cancar,Den,F,23.97,25,5.9,12.3,13.2,20.2,6,0.833,15,0.6,18,0.278,0.5,0.533,1.5,1.2,11.1,0.3,6.7,0.32,0.08,0.36,5.5,97.6,105
Clint Capela,Atl,C,26.87,40,29.2,60.9,20.2,9.5,129,0.55,438,0.587,0,0,0.587,0.591,14.6,14.1,26.4,0.9,4.9,0.75,2.15,1.3,7.8,121.7,103
Vernon Carey Jr.,Cha,F-C,20.09,7,3.5,7.4,10.1,17,2,0.5,3,0.667,1,0,0.5,0.512,0.7,1.3,19.8,0.1,5.3,0,0.14,0.14,5.1,,
Wendell Carter Jr.,Chi,C-F,21.95,32,24.7,51.5,18.9,14,111,0.739,230,0.526,22,0.364,0.528,0.578,10.9,7.8,17.4,2.2,12.2,0.56,0.75,1.53,9.3,115.2,101.1
Wendell Carter Jr.,Orl,C-F,21.95,1,20.3,42.3,15.1,14.1,7,0.571,2,1,1,0,0.667,0.658,8,8,20.5,0,0,1,0,1,0,118.4,98.3
Jevon Carter,Pho,G,25.54,34,9.5,19.7,14.1,5.9,2,1,31,0.484,64,0.328,0.489,0.495,2.8,1.1,6.8,1.1,15.4,0.38,0.21,0.18,6.3,109.6,101.5
Michael Carter-Williams,Orl,G,29.47,25,26.1,54.4,20.1,19.5,56,0.679,172,0.424,47,0.234,0.409,0.445,8.7,4.5,9,4.2,23.9,0.56,0.48,2.36,8.4,91.8,104.3
Alex Caruso,Lal,G,27.08,37,19.9,41.5,14.2,17,47,0.638,96,0.417,83,0.386,0.492,0.516,5.6,3,8.4,2.4,16.3,1.14,0.22,1.11,6.9,104,98.7
Willie Cauley-Stein,Dal,C,27.61,35,17.1,35.6,12.2,9.7,50,0.66,119,0.655,8,0.125,0.626,0.644,5.5,4.3,13.7,0.7,6.1,0.31,0.8,0.46,6,130.3,101.2
Chris Chiozza,Bro,G,25.35,16,10.3,21.4,21.1,13.8,13,0.769,31,0.323,32,0.344,0.421,0.458,3.9,1,5.4,2.9,37.4,0.38,0.25,0.69,8.7,108.5,111.2
Marquese Chriss,Gol,F,23.74,2,13.4,27.8,28.4,11.3,4,0.5,9,0.444,5,0.2,0.393,0.412,6.5,6.5,25.8,1,11.3,0,1,1,10.4,87.2,97.7
Brandon Clarke,Mem,F-G,24.52,39,25.9,54,17.4,5.2,80,0.675,304,0.563,58,0.328,0.551,0.57,11.6,5.6,11.6,1.7,9.4,1.1,0.85,0.56,7.4,119.4,107.1
Gary Clark,Orl,F,26.37,35,18.2,37.9,10.4,11.2,10,0.8,23,0.391,108,0.287,0.424,0.439,3.4,3.2,9.1,0.9,6.4,0.34,0.2,0.49,4.7,97.2,110.9
Jordan Clarkson,Uta,G,28.81,46,25.6,53.3,29.1,10,79,0.949,289,0.516,395,0.352,0.523,0.55,17.2,4,8.2,2.2,13.8,0.85,0.15,1.74,8.3,108.1,106.1
Nicolas Claxton,Bro,F-C,21.95,15,18.9,39.5,17.4,7,33,0.545,87,0.609,4,0.25,0.599,0.602,8.5,4.5,13.2,0.8,6,0.67,1.53,0.53,6.6,121.5,106
Amir Coffey,Lac,G-F,23.78,30,8,16.7,15.6,13,17,0.529,26,0.538,40,0.45,0.621,0.619,3,0.8,5.4,0.5,8.4,0.23,0,0.37,5.3,114.9,110.9
John Collins,Atl,F-C,23.52,46,30.6,63.7,22.4,7.8,153,0.837,448,0.6,157,0.382,0.593,0.629,18.4,7.8,14,1.3,7.4,0.54,1.07,1.24,7.5,124.3,104.1
Mike Conley,Uta,G,33.47,37,29.4,61.3,22.6,12.5,100,0.84,218,0.482,240,0.421,0.56,0.595,16.1,3.5,6.3,5.5,27.7,1.32,0.14,1.95,9.2,122.1,105.4
Pat Connaughton,Mil,G,28.23,43,22.9,47.6,11.3,7.6,26,0.769,75,0.547,158,0.411,0.594,0.608,6.9,4.7,10.9,1.4,7.5,0.7,0.4,0.47,6.2,126.8,106.2
Quinn Cook,Lal,G,28.02,16,3.9,8.1,21.9,9.6,5,0.8,13,0.538,13,0.385,0.558,0.585,2.1,0.3,4.5,0.3,12.3,0.06,0.06,0.19,5.9,,
Quinn Cook,Cle,G,28.02,7,13.6,28.4,21.5,8.5,3,1,29,0.379,13,0.462,0.476,0.496,6.1,1.7,7,1.9,22,0.43,0,0.57,7.9,105.4,108.8
Tyler Cook,Bro,F,23.52,4,4.2,8.6,10.5,25,0,0,3,0.333,0,0,0.333,0.333,0.5,0.5,6.7,0.5,14.5,0,0,0.25,4.8,88.2,108.2
Tyler Cook,Det,F,23.52,6,11.2,23.4,13.1,24.8,5,0.4,13,0.538,0,0,0.538,0.526,2.7,3.5,17.4,0.3,4.4,0.33,0,0.83,5.1,92.9,103.8
DeMarcus Cousins,Hou,C,30.63,25,20.2,42.2,23.2,14.2,59,0.746,94,0.426,116,0.336,0.469,0.511,9.6,7.6,20,2.4,18.3,0.84,0.72,1.56,11.1,101.4,94.9
Robert Covington,Por,F,30.29,44,32.4,67.5,12.1,12.6,39,0.821,95,0.463,236,0.381,0.541,0.56,8.9,6.8,11.3,1.8,7.2,1.64,1.3,1.14,5.9,110.4,109.1
Torrey Craig,Mil,F,30.28,18,11.2,23.3,10.8,9.6,2,0.5,24,0.417,22,0.364,0.478,0.48,2.5,2.4,11.2,0.9,9.6,0.5,0.39,0.28,6.3,112.3,100.4
Torrey Craig,Pho,F,30.28,5,16,33.3,16.6,6.7,4,0.5,15,0.6,11,0.455,0.635,0.63,7,3.6,12.6,1.4,12.5,0.6,0.4,0.4,8.2,132.4,97.2
Jae Crowder,Pho,F,30.73,42,27.9,58.1,15.8,8.9,45,0.822,89,0.472,269,0.372,0.536,0.557,10,5,10,2.1,9.9,0.86,0.29,0.88,6.8,110.2,105.1
Jarrett Culver,Min,G-F,22.1,24,17.6,36.7,18.7,12.7,40,0.6,105,0.486,42,0.214,0.439,0.465,6.4,4,12.1,0.7,5.8,0.58,0.33,1,5.9,93.2,106.6
Seth Curry,Phi,G,30.6,35,29.4,61.3,17.6,11.7,63,0.921,184,0.495,165,0.43,0.566,0.601,12.9,2.2,4.1,2.9,13.7,0.89,0.23,1.43,5.9,115.6,107.5
Stephen Curry,Gol,G,33.04,40,33.7,70.1,32.6,11.7,218,0.927,353,0.561,460,0.409,0.59,0.639,29.1,5.3,8.4,6.2,32.7,1.35,0.08,3.03,11.7,118.1,108.9
Nate Darling,Cha,G,22.58,2,3.6,7.4,24.1,0,0,0,0,0,4,0.25,0.375,0.375,1.5,0,0,0.5,20.2,0,0,0,0,,
Anthony Davis,Lal,F-C,28.05,23,32.8,68.4,28,9.3,130,0.715,325,0.575,58,0.293,0.555,0.588,22.5,8.4,14.2,3,16,1.35,1.78,1.96,10.1,115.5,101.3
Ed Davis,Min,C-F,31.82,19,13.9,29,8.3,11.4,8,0.875,43,0.419,0,0,0.419,0.462,2.3,5.1,19.7,1,9.4,0.53,0.53,0.32,6.5,121.9,96.4
Terence Davis,Tor,G,23.87,34,14.5,30.2,21.6,11.7,18,0.889,88,0.489,122,0.361,0.519,0.537,6.9,1.9,7.4,1.1,11.6,0.5,0.21,0.85,6.7,100.2,107.5
Terence Davis,Sac,G,23.87,2,18.1,37.6,21.6,16.5,5,0.8,3,0.667,10,0.4,0.615,0.658,10,2.5,7.7,2,15.2,1.5,0,1.5,8.1,115.6,112.5
DeMar DeRozan,San,G-F,31.64,37,33.8,70.5,24.6,9.2,246,0.882,472,0.513,60,0.3,0.506,0.59,20.4,4.4,6.8,7.2,32.6,1.03,0.27,1.76,10.2,122.8,109.5
Mamadi Diakite,Mil,F,24.19,5,9.8,20.5,13.7,0,0,0,13,0.538,3,0,0.438,0.438,2.8,2.8,15,0.8,10.5,0,0.8,0,7.5,113.5,103.8
Hamidou Diallo,Okc,G,22.66,32,23.8,49.5,23.1,12.1,132,0.629,256,0.512,41,0.293,0.502,0.536,11.9,5.2,11.4,2.4,16.3,0.97,0.38,1.53,8.9,105.5,101.8
Hamidou Diallo,Det,G,22.66,2,22.9,47.7,19,10,9,0.889,12,0.583,2,0.5,0.607,0.696,12.5,6,14.6,1.5,10.7,0.5,1,1,8.4,134.1,104.5
Gorgui Dieng,Mem,C,31.2,22,16.9,35.2,16.9,14.8,43,0.884,60,0.55,48,0.479,0.625,0.682,7.9,4.5,14.1,1.3,10.7,0.77,0.64,1,8.5,126.7,101.3
Spencer Dinwiddie,Bro,G,27.98,3,21.4,44.7,16,21.2,6,1,9,0.444,7,0.286,0.438,0.536,6.7,4.3,11.3,3,17.5,0.67,0.33,1.67,8.3,102.1,108.7
Donte DiVincenzo,Mil,G,24.16,45,27.3,56.8,17.3,12.2,46,0.674,195,0.467,230,0.383,0.525,0.536,10.6,5.4,10.4,3,14.3,1.13,0.2,1.38,8.1,110.2,107.3
Luka Doncic,Dal,F-G,22.08,40,35,73,35.8,14.9,290,0.748,513,0.556,321,0.368,0.554,0.593,28.5,8.1,12.7,9,45.7,1.03,0.63,4.23,14.6,115,108.1
Luguentz Dort,Okc,G,21.95,41,29.3,61.1,20.4,10.3,106,0.764,214,0.453,245,0.327,0.473,0.509,12.6,3.4,6.1,1.6,8,0.85,0.37,1.41,5.6,98,107.3
Damyean Dotson,Cle,G,26.9,35,18.8,39.2,17.3,10.6,32,0.688,106,0.519,115,0.278,0.466,0.485,6.5,2,5.9,2.1,16.8,0.4,0.11,0.8,6.4,100.3,113.7
Devon Dotson,Chi,G,21.66,3,4.9,10.1,11.7,0,0,0,4,0.5,0,0,0.5,0.5,1.3,0.7,7.6,0,0,0.33,0,0,0,112,107.9
Sekou Doumbouya,Det,F,20.26,40,12.6,26.2,16.9,13.3,30,0.733,86,0.419,70,0.243,0.394,0.428,3.6,2.1,9.2,0.6,6.7,0.38,0.05,0.65,5.3,85.8,104.2
PJ Dozier,Den,G-F,24.43,31,20.3,42.3,16.7,10.4,46,0.63,114,0.482,80,0.363,0.508,0.527,7.3,3.7,10.5,1.6,10.4,0.48,0.48,0.81,6.9,108.6,107.1
Goran Dragic,Mia,G,34.9,29,27,56.1,24.9,18.2,77,0.844,190,0.505,131,0.344,0.509,0.552,13.5,3.3,6.8,4.8,28.8,0.59,0.17,2.72,8.9,102,105
Andre Drummond,Cle,C,27.64,25,28.9,60.2,31.1,15.6,129,0.597,372,0.484,8,0,0.474,0.5,17.5,13.5,25.9,2.6,16.1,1.6,1.16,3.24,11.8,97.1,99.6
Jared Dudley,Lal,F,35.72,11,6.9,14.4,5.1,22.2,0,0,2,0,5,0.4,0.429,0.429,0.5,1.7,13.8,0.5,8,0.09,0.09,0.18,4.4,106.7,99.2
Kevin Durant,Bro,F,32.5,19,35.8,74.5,31.4,13.7,145,0.869,246,0.565,113,0.434,0.592,0.652,29,7.3,11.4,5.3,23.9,0.74,1.42,3.53,11.6,119.4,109.4
Anthony Edwards,Min,G,19.65,47,30.6,63.7,27.1,10.1,145,0.772,450,0.442,321,0.308,0.451,0.483,17.2,4.4,7.8,2.5,13,1,0.36,2,7.5,95.1,113.8
Carsen Edwards,Bos,G,23.05,18,10.1,21,20,3.6,9,0.778,38,0.632,39,0.333,0.565,0.581,5.2,1.1,5.8,0.5,7.5,0.28,0.06,0.17,5.6,118.6,106.6
CJ Elleby,Por,F-G,20.78,14,8.3,17.4,15.2,7.3,9,0.667,13,0.692,21,0.238,0.485,0.514,2.8,1.1,6.9,0.2,3.6,0.29,0.21,0.21,4.1,107.2,105.2
Henry Ellenson,Tor,F-C,24.21,2,19.2,40,17.7,0,4,0.75,5,0.6,9,0.222,0.429,0.476,7.5,6,17.2,2.5,18.9,0,0.5,0,10.1,120.5,96.1
Wayne Ellington,Det,G,33.33,34,23.2,48.4,17.1,8.1,31,0.774,54,0.556,216,0.426,0.622,0.635,10.6,1.8,4.3,1.4,9.6,0.44,0.21,0.74,5.2,118.9,111.4
Joel Embiid,Phi,C-F,27.04,31,32.6,67.9,34.2,12.2,354,0.859,468,0.545,90,0.422,0.559,0.65,29.9,11.5,19.3,3.3,17.4,1.19,1.39,3.19,12.8,123.8,99.5
James Ennis III,Orl,F,30.75,29,22.2,46.3,14,13,53,0.792,88,0.523,70,0.443,0.585,0.626,7.8,4,9.3,1.4,9.1,0.76,0.21,0.93,6.3,119.6,105.6
Drew Eubanks,San,F-C,24.16,27,13,27.1,16.7,16.3,40,0.7,94,0.5,1,1,0.511,0.555,4.6,3.4,13.7,0.9,9.5,0.22,1.04,0.81,7.4,104.9,103.2
Dante Exum,Cle,G,25.71,6,19.4,40.3,12.6,20.7,2,0.5,15,0.533,11,0.182,0.423,0.428,3.8,2.8,8.1,2.2,15.7,0.67,0.33,1.17,5.9,86.4,108.6
Tacko Fall,Bos,C,25.3,11,7.5,15.5,15.1,6.9,11,0.273,22,0.727,0,0,0.727,0.652,3.2,2.7,20.4,0.2,3.7,0,0.91,0.18,6.4,129,98
Derrick Favors,Uta,F,29.71,44,15.8,32.9,13.6,11.8,65,0.738,165,0.642,1,0,0.639,0.668,5.9,5.5,18.4,0.8,7.6,0.52,1,0.59,7.5,137.6,94.1
Cristiano Felicio,Chi,F-C,28.73,9,4.8,10,11.3,26.3,10,0.6,4,0.75,0,0,0.75,0.714,1.3,1.4,16.7,0.6,14.3,0.22,0,0.33,8.6,133.6,107
Terrance Ferguson,Phi,G,22.87,13,3.8,7.9,9.5,36.4,0,0,2,0.5,5,0,0.143,0.143,0.2,0.1,1.1,0.2,4.8,0.08,0,0.31,1.7,,
Bruno Fernando,Atl,F-C,22.62,23,7.3,15.3,12.8,30,16,0.625,26,0.462,2,0,0.429,0.485,1.5,2.8,20.8,0.4,7.1,0.09,0.13,0.65,6.5,88.1,101.2
Yogi Ferrell,Cle,G,20,2,20.3,42.2,26.6,12.1,2,0,12,0.417,9,0.333,0.452,0.434,9.5,3.5,9.6,2.5,20.5,1.5,0.5,1.5,8.6,90.5,104.6
Dorian Finney-Smith,Dal,F,27.9,34,31.3,65.1,11.5,8,25,0.84,88,0.591,154,0.351,0.55,0.567,8.4,5.1,8.9,1.6,6.7,0.85,0.35,0.65,5.2,119.2,108.6
Malachi Flynn,Tor,G,22.89,22,9.9,20.7,15.9,9.9,8,0.625,31,0.387,38,0.184,0.326,0.345,2.3,1,5.3,1.3,17.5,0.23,0,0.36,5.8,82.2,112.3
Bryn Forbes,Mil,G,27.69,45,19.1,39.7,18.2,7,34,0.765,118,0.475,213,0.446,0.6,0.611,9.4,1.3,3.5,0.6,4.4,0.22,0,0.58,4.1,115.7,111.9
Trent Forrest,Uta,G,22.8,12,4.3,9,12.3,33.6,2,1,7,0.429,2,0,0.333,0.405,0.7,0.5,6.1,0.8,24,0.17,0,0.42,6.1,87.1,105.7
Evan Fournier,Orl,G-F,28.41,26,30.3,63,26.2,11.3,123,0.797,181,0.536,188,0.388,0.56,0.604,19.7,2.9,5,3.7,20.6,1.04,0.35,2.08,7.9,114.2,108.8
De'Aaron Fox,Sac,G,23.28,46,34.8,72.5,30.4,12.4,318,0.704,600,0.552,256,0.332,0.536,0.573,24.8,3.4,5.4,7.2,32.7,1.37,0.48,3.07,9.7,113.6,113.4
Tim Frazier,Mem,G,20,3,10.8,22.6,14.2,27.3,0,0,6,0.333,2,0,0.25,0.25,1.3,1.3,6.6,2.3,26.2,0.33,0,1,5.8,67.1,101.7
Markelle Fultz,Orl,G,22.84,8,26.9,56,26.2,13.8,19,0.895,88,0.42,16,0.25,0.413,0.458,12.9,3.1,6,5.4,32.7,1,0.25,2.25,8.9,96.3,107
Wenyen Gabriel,Nor,F,24.01,6,3.3,6.8,17.2,38.1,2,0.5,3,0,1,0,0,0.102,0.2,1.2,20.1,0.3,11.5,0,0,0.5,5,,
Daniel Gafford,Chi,F-C,22.49,31,12.4,25.8,14.2,17.3,41,0.659,87,0.69,0,0,0.69,0.7,4.7,3.3,14.9,0.5,6.1,0.35,1.1,0.71,6.4,127.8,100.2
Daniel Gafford,Was,F-C,22.49,2,14.2,29.6,26.6,16.5,5,0.8,13,0.769,0,0,0.769,0.789,12,5.5,20.5,0,0,0.5,2.5,1.5,0,129.7,107.6
Danilo Gallinari,Atl,F,32.64,34,23.4,48.7,21.4,8.6,107,0.935,137,0.453,175,0.4,0.535,0.604,12.8,3.7,8.7,1.5,9.5,0.56,0.21,1,7.1,119.2,107.5
Langston Galloway,Pho,G,29.31,33,11,23,16.8,8,17,1,49,0.51,70,0.457,0.613,0.644,4.9,1,5.2,0.7,8.8,0.18,0,0.33,5.5,122.3,109.2
Darius Garland,Cle,G,21.17,38,33.2,69.2,24.4,16.1,91,0.835,387,0.457,168,0.399,0.5,0.53,16.6,2.3,3.9,5.7,28.4,1.13,0.08,3,7.2,102.1,111.8
Marc Gasol,Lal,C,36.16,38,19.8,41.3,11.6,18,42,0.786,53,0.491,93,0.355,0.517,0.559,4.8,3.9,11,2,12.9,0.5,1.21,0.95,6.8,110.5,96.4
Rudy Gay,San,F-G,34.62,37,21.6,44.9,23.3,9.4,59,0.78,204,0.426,155,0.387,0.493,0.52,10.8,4.9,12.1,1.5,10.4,0.78,0.57,1.08,8,101.3,103.9
Paul George,Lac,F,30.91,36,33.5,69.7,28.7,14.6,136,0.882,337,0.51,270,0.426,0.568,0.607,22.5,6.3,10.5,5.5,25.6,1.14,0.47,3.17,11,114.9,106.6
Taj Gibson,Nyk,F,35.77,20,19.2,40,10.2,13.4,28,0.607,52,0.635,13,0.231,0.577,0.595,4.6,4.9,13.5,0.7,4.7,0.5,0.7,0.6,5.2,122,100.2
Harry Giles III,Por,F-C,22.94,23,11.8,24.7,14.1,19.1,18,0.722,55,0.418,9,0.333,0.43,0.473,3,4.9,22.1,0.9,10.3,0.22,0.43,0.74,8,102.9,98.5
Shai Gilgeous-Alexander,Okc,G-F,22.72,35,33.7,70.2,28.4,13.7,229,0.808,395,0.547,170,0.418,0.571,0.623,23.7,4.7,7.4,5.9,31.1,0.77,0.66,3.03,10.3,117.1,109.4
Anthony Gill,Was,F,28.45,13,5.5,11.6,9.7,17.9,4,0.75,4,0.75,8,0.125,0.375,0.436,0.9,1.5,14,0.3,6.8,0.23,0.15,0.23,5.4,91.9,110.3
Rudy Gobert,Uta,C,28.76,46,30.7,64,17.7,12.5,268,0.616,391,0.655,3,0,0.65,0.661,14.7,13.4,23,1.2,5.8,0.5,2.96,1.59,8.1,128.6,99.3
Brandon Goodwin,Atl,G,25.49,29,10.6,22,20.1,11.2,24,0.708,59,0.407,57,0.281,0.414,0.446,3.9,1,5,1.5,20.6,0.38,0,0.55,6.8,98.1,109.7
Aaron Gordon,Orl,F,25.54,25,29.4,61.3,23.9,16.5,105,0.629,181,0.475,112,0.375,0.509,0.537,14.6,6.6,11.7,4.2,22.7,0.64,0.8,2.68,10.1,103,107.9
Aaron Gordon,Den,F,25.54,1,20.7,43.1,19,0,0,0,5,1,4,0.25,0.722,0.722,13,2,5.5,1,7.9,1,0,0,5.7,142,111.9
Eric Gordon,Hou,G,32.26,27,29.2,60.9,25.3,10.9,114,0.825,157,0.573,210,0.329,0.527,0.577,17.8,2.1,3.9,2.6,14.9,0.52,0.48,1.89,6.3,108.4,113.3
Devonte' Graham,Cha,G,26.1,35,30.3,63,20.2,10.8,90,0.811,126,0.365,281,0.381,0.507,0.544,13.9,2.6,4.6,5.1,24.5,0.86,0.06,1.54,7.5,113.8,113.4
Jerami Grant,Det,F,27.05,43,35.1,73.1,27.8,9,273,0.868,476,0.466,277,0.35,0.488,0.557,22.6,4.9,7.8,2.8,13.8,0.72,1.09,2,7.7,109.6,109.1
Danny Green,Phi,G,33.77,46,28.7,59.8,14.2,11.8,24,0.708,84,0.44,293,0.406,0.572,0.578,9.7,3.6,6.9,1.6,7.6,1.33,0.85,1.13,5.3,110.8,104.9
Draymond Green,Gol,F,31.07,40,30,62.6,12.8,31,53,0.774,147,0.476,79,0.266,0.449,0.489,6.1,6.4,11.3,8.5,36.2,1.4,0.78,2.8,9.2,105.3,101.5
JaMychal Green,Den,F-C,30.77,34,19.1,39.8,19.3,11.2,38,0.842,111,0.514,127,0.402,0.561,0.587,8.8,5.4,16,0.8,5.9,0.56,0.32,0.94,7,115.3,99.4
Javonte Green,Bos,G-F,27.69,25,13.8,28.8,12.1,13.4,30,0.667,49,0.653,22,0.318,0.599,0.624,4.2,2.1,8.4,0.4,4.2,0.72,0.08,0.52,4.4,119.6,107.1
Javonte Green,Chi,G-F,27.69,2,11.6,24.1,14.8,37.5,0,0,4,0.25,1,0,0.2,0.2,1,3,14.4,0.5,5.2,1,1,1.5,3.9,48.8,97
Jeff Green,Bro,F,34.59,43,26.8,55.7,13.8,9.3,83,0.759,156,0.564,139,0.417,0.593,0.623,9.6,3.8,7.9,1.4,6.7,0.56,0.35,0.79,5.5,120.3,111
Josh Green,Dal,G,20.37,23,11,22.9,12.6,19.5,13,0.538,37,0.595,15,0.133,0.481,0.494,2.5,1.9,9.3,0.5,6.3,0.22,0.09,0.61,4.9,95.9,110.8
Blake Griffin,Det,F,32.04,20,31.3,65.2,19.6,11.4,62,0.71,98,0.429,124,0.315,0.453,0.491,12.3,5.2,9.3,3.9,18.7,0.7,0.1,1.6,8,101,108.6
Blake Griffin,Bro,F,32.04,4,18.3,38.1,15.4,11.6,11,0.636,12,0.667,6,0.5,0.694,0.701,8,4,12.2,1.8,12.9,0.75,0.25,0.75,8.4,134.6,97.7
Kyle Guy,Sac,G,23.63,19,7.6,15.8,18.3,4.9,10,0.8,23,0.435,31,0.323,0.463,0.497,3.1,1.1,8.1,1,17.5,0.21,0,0.16,7.9,112.4,111.6
Rui Hachimura,Was,F,23.14,38,31.5,65.7,17.9,8.9,121,0.769,316,0.528,102,0.333,0.522,0.561,13.9,6,10,1.6,7,0.79,0.08,1.21,6.5,108.8,110.2
Ashton Hagans,Min,G-F,21.73,2,2.1,4.3,10.2,100,0,0,0,0,0,0,,,0,0,0,0,0,0,0,0.5,0,,
Tyrese Haliburton,Sac,G,21.08,41,30.2,62.9,17.5,12.4,38,0.868,212,0.552,215,0.423,0.594,0.608,13.2,3.3,6.1,5,22.9,1.29,0.56,1.54,8,121.4,117.3
Josh Hall,Okc,F,20.47,9,10.4,21.6,21.2,19.8,17,0.471,16,0.375,13,0.154,0.31,0.356,2.9,1.7,8.4,1,13.3,0,0,1,6.5,69.3,103.9
R.J. Hampton,Den,G,20.14,25,9.3,19.4,14.3,14.4,12,0.75,42,0.476,18,0.278,0.458,0.49,2.6,2,12.2,0.6,7.6,0.2,0.08,0.44,6.3,99.6,106.2
R.J. Hampton,Orl,G,20.14,1,17.2,35.8,26.3,19.2,1,1,6,0.5,2,0.5,0.563,0.592,10,3,9.1,1,10.2,1,0,2,7.2,102.6,109.3
Tim Hardaway Jr.,Dal,G-F,29.04,44,29.3,61,23,6,107,0.785,244,0.529,335,0.397,0.567,0.592,16.8,3.4,6.4,1.8,9.3,0.5,0.14,0.91,6.4,115.7,112.7
James Harden,Hou,G,31.59,8,36.3,75.5,28.7,17.4,60,0.883,63,0.556,72,0.347,0.537,0.613,24.8,5.1,7.5,10.4,47.9,0.88,0.75,4.25,12.1,118.4,112.1
James Harden,Bro,G,31.59,32,38.7,80.5,28.9,16.6,249,0.863,325,0.545,251,0.367,0.547,0.616,26.4,9,13,11.4,43.8,1.34,0.72,4.25,14.4,122.1,108.1
Maurice Harkless,Mia,F-G,27.89,11,11.2,23.4,6.1,17.8,2,0,2,0,11,0.455,0.577,0.54,1.4,1.2,5.9,0.6,7.5,0.18,0.36,0.27,3.6,104.4,102.9
Maurice Harkless,Sac,F-G,27.89,2,12.9,26.9,18.3,18.2,0,0,4,0.5,5,0.6,0.722,0.722,6.5,1,4.3,1,11,0,0,1,5.8,118.1,117.8
Jared Harper,Nyk,G,23.54,3,2.4,5,23.7,51.5,2,1,1,0,0,0,0,0.532,0.7,0,0,0,0,0,0,0.67,0,,
Montrezl Harrell,Lal,F-C,27.17,47,25.3,52.7,21.7,8.9,185,0.697,449,0.65,9,0,0.638,0.661,15.2,6.8,14.9,1.1,7.1,0.72,0.79,1.13,7.7,128.5,100.1
Gary Harris,Den,G,26.54,19,30.6,63.8,13.8,7.6,30,0.733,81,0.556,75,0.32,0.519,0.544,9.7,2.5,4.6,1.7,7,0.89,0.21,0.74,4.5,112.2,112.4
Jalen Harris,Tor,G,22.63,4,3.5,7.3,15.3,20,0,0,2,0,2,0.5,0.375,0.375,0.8,0.8,11.7,0.5,18.9,0.25,0,0.25,7.8,,
Joe Harris,Bro,G-F,29.56,47,30.7,63.9,15.9,7.2,43,0.721,160,0.556,311,0.486,0.67,0.676,14.1,3.4,6.3,1.7,7.7,0.64,0.21,0.81,5.6,127.3,111.5
Shaquille Harrison,Uta,G,27.48,17,3.3,6.8,21.2,18.1,6,0.833,18,0.333,2,0,0.3,0.375,1,0.5,8.5,0.5,21.5,0.12,0,0.29,7.6,,
Tobias Harris,Phi,F,28.71,41,34.2,71.2,23.8,10.1,145,0.897,487,0.552,154,0.409,0.567,0.608,20.9,7.6,12.2,3.7,17.2,0.9,0.8,1.93,9.8,119.5,104.6
Isaiah Hartenstein,Den,C-F,22.9,30,9.1,18.9,18.8,18,36,0.611,80,0.513,0,0,0.513,0.543,3.5,2.8,17.8,0.5,7.4,0.37,0.67,0.7,7.5,109,90.7
Josh Hart,Nor,G,26.07,46,28.3,59,13.6,11.1,83,0.771,145,0.586,187,0.332,0.536,0.57,9.1,7.8,15.4,2.3,10.3,0.83,0.26,1,7.7,117.3,107.2
Jaxson Hayes,Nor,C-F,20.85,34,13.4,27.9,13.5,15.3,51,0.765,99,0.727,0,0,0.727,0.753,5.4,3.4,14.4,0.5,5.4,0.32,0.47,0.65,6.3,135.3,103.3
Killian Hayes,Det,G,19.67,7,21.1,44,19.2,26.2,2,0.5,27,0.296,20,0.25,0.33,0.334,4.6,1.1,3,3.6,24.3,0.29,0,2.43,5,69.1,108.3
Gordon Hayward,Cha,F,31.02,41,34.4,71.6,23.7,11,171,0.848,424,0.502,196,0.408,0.537,0.583,19.8,5.7,9.1,4.1,18.9,1.24,0.34,2.1,9,114.4,110.5
Juancho Hernangomez,Min,F,25.5,28,17.3,36.1,16.5,7.4,44,0.659,73,0.562,84,0.333,0.529,0.553,7,4.4,13.7,0.6,4.8,0.43,0.07,0.5,6.1,111,112.1
Willy Hernangomez,Nor,C-F,26.84,25,15.8,33,16.6,7.1,42,0.595,118,0.542,7,0.143,0.524,0.544,6.2,6.2,21.7,1.2,10.1,0.32,0.44,0.44,9.1,124.3,109.1
Tyler Herro,Mia,G,21.19,36,31.9,66.6,24.1,12.8,91,0.835,291,0.478,209,0.325,0.482,0.517,15.5,5.3,9.2,3.6,18.1,0.67,0.36,2.19,8.4,98.8,108.9
Buddy Hield,Sac,G,28.28,47,34.9,72.7,20.4,10.4,74,0.851,181,0.436,488,0.385,0.54,0.559,16.7,4.6,7.3,3.2,12.5,0.77,0.34,1.72,7.2,108.2,114.6
George Hill,Okc,G,34.9,14,26.3,54.9,16.9,8.4,25,0.84,63,0.619,57,0.386,0.6,0.63,11.8,2.1,4.1,3.1,18.1,0.86,0.14,0.86,6.5,125.6,113.5
Solomon Hill,Atl,F,30.03,45,18.9,39.4,10.8,12.7,21,0.857,42,0.452,134,0.328,0.483,0.507,4.2,2.2,6.4,0.8,5.9,0.69,0.16,0.6,4.1,102.6,108.3
Nate Hinton,Dal,G-F,21.81,10,3.9,8.2,29,15.6,6,0.667,13,0.462,6,0.167,0.395,0.439,1.9,0.3,4.2,0.4,15.2,0.4,0.1,0.4,6.3,,
Aaron Holiday,Ind,G,24.49,43,17.4,36.2,19.5,9.4,45,0.756,166,0.404,121,0.331,0.443,0.469,6.7,1.2,3.8,1.7,13.1,0.63,0.12,0.74,5.5,95.5,108.5
Jrue Holiday,Mil,G,30.8,35,31.4,65.4,20.9,12.1,67,0.821,286,0.559,166,0.38,0.563,0.586,16.1,4.4,7.4,5.1,22.8,1.77,0.51,1.89,9.1,118.8,107.8
Justin Holiday,Ind,F-G,31.98,45,32,66.6,14.2,8.2,62,0.79,111,0.523,296,0.395,0.574,0.594,11.5,3.8,6.6,1.7,7.2,1.24,0.36,0.87,5.3,114.3,110.2
Richaun Holmes,Sac,F,27.46,43,30.4,63.3,16.7,10.4,114,0.807,397,0.655,8,0.25,0.649,0.679,14.4,9,16.4,1.8,8.4,0.7,1.7,1.23,8.1,132.3,106.7
Rodney Hood,Por,G-F,28.44,38,19.1,39.8,14.1,13.1,12,0.75,117,0.41,84,0.298,0.425,0.436,4.7,1.9,5.4,1.2,8.7,0.53,0.11,0.82,4.6,91.3,114.2
Rodney Hood,Tor,G-F,28.44,3,21.9,45.6,12.6,10.4,5,1,6,0.667,9,0.333,0.567,0.64,7.3,1.3,3.4,0,0,0.33,0.33,0.67,0,115.5,113.3
Al Horford,Okc,C-F,34.82,28,27.9,58.2,22.2,7.3,22,0.818,208,0.51,152,0.368,0.528,0.538,14.2,6.7,12.6,3.4,20,0.89,0.93,1.04,9.8,110.2,106.5
Talen Horton-Tucker,Lal,G,20.34,43,18.7,38.9,21.1,15.2,66,0.833,219,0.521,82,0.244,0.478,0.52,8,2.7,7.9,2.3,18.1,0.79,0.47,1.37,7.9,100.8,97.4
Danuel House Jr.,Hou,F-G,27.81,28,27.8,58,15,9.5,51,0.667,100,0.47,126,0.357,0.507,0.529,9.4,4,7.7,2,10.7,0.68,0.46,0.93,6.1,106.1,109.7
Dwight Howard,Phi,C-F,35.31,46,17.1,35.6,18.5,24,135,0.548,186,0.591,14,0.286,0.58,0.59,6.7,8.1,26.1,0.7,6,0.43,0.93,1.78,7.9,105.8,88.8
Markus Howard,Den,G,22.07,22,3.4,7.2,27.6,12.5,2,0.5,12,0.333,29,0.172,0.28,0.287,1.1,0.3,5.3,0.4,13.5,0.09,0,0.27,6,,
Kevin Huerter,Atl,G-F,22.59,46,31.2,65,16.9,10.5,44,0.841,218,0.477,264,0.364,0.515,0.532,11.6,3.5,6.2,3.5,16.4,1.22,0.24,1.28,6.7,110.5,108.9
Elijah Hughes,Uta,G,23.06,10,3.8,8,27.8,20.2,4,0.75,5,0.4,13,0.385,0.528,0.557,2.2,0.6,8.3,0.4,15.5,0.1,0.1,0.5,8.5,,
De'Andre Hunter,Atl,F-G,23.32,20,31.2,65.1,19.6,9.5,75,0.867,136,0.596,87,0.356,0.572,0.625,16,5.1,8.9,2.1,10.4,0.9,0.5,1.35,7.1,121.9,107.3
Chandler Hutchison,Chi,F-G,24.92,7,9.1,18.9,16.1,20.9,2,1,15,0.267,3,0.333,0.306,0.344,1.9,2.9,17.4,0.6,7.9,0.14,0,0.71,6.5,67.3,97.7
Serge Ibaka,Lac,F,31.53,39,23.6,49.1,19.8,10.7,45,0.822,239,0.577,108,0.352,0.562,0.582,10.9,6.7,16,1.7,10.8,0.23,1.18,1.13,8.5,117.1,105.7
Andre Iguodala,Mia,G-F,37.17,43,21.3,44.3,11.3,18.6,31,0.613,42,0.524,132,0.333,0.506,0.52,4.5,3.8,9.9,2.1,13.8,1.05,0.42,1,6.2,102.6,104.9
Ersan Ilyasova,Uta,F,33.87,4,4.3,8.9,15,16.7,0,0,1,1,4,0,0.2,0.2,0.5,0.5,6.2,0.3,7.3,0,0,0.25,3.9,57.9,97.1
Joe Ingles,Uta,F-G,33.49,42,26.5,55.3,15.7,15.5,53,0.868,91,0.648,230,0.491,0.712,0.73,12,3.7,7.3,4.3,23.1,0.64,0.21,1.5,8.7,137,105.7
Brandon Ingram,Nor,F,23.57,46,34.4,71.7,27.9,10.6,234,0.876,539,0.521,285,0.386,0.541,0.592,23.8,4.9,8,4.7,21.5,0.63,0.7,2.39,9.5,117.4,113.3
Kyrie Irving,Bro,G,29.02,32,35.5,74,30.4,9.2,131,0.893,437,0.581,227,0.401,0.588,0.622,28.1,4.9,7.7,5.6,26.9,1.25,0.59,2.28,10.3,122.3,109.6
Wes Iwundu,Dal,F,26.28,23,12.5,26.1,9.9,9.4,14,0.857,29,0.483,23,0.13,0.356,0.421,2.1,1.9,8.4,0.4,4.4,0.39,0.13,0.26,3.7,92.2,106.9
Frank Jackson,Det,G,22.9,17,12.8,26.6,20.6,14.7,19,0.842,37,0.432,42,0.429,0.544,0.584,6,1.5,6.4,0.7,8.8,0.29,0,0.88,5.8,104.1,108
Josh Jackson,Det,G-F,24.13,41,24.6,51.2,26.2,14.7,140,0.721,287,0.502,168,0.274,0.468,0.51,12.9,4.1,9.3,2.1,14.3,0.9,0.8,2.17,7.8,96.1,102.7
Justin Jackson,Okc,F,26.01,30,16.4,34.1,20,12.9,33,0.848,87,0.54,95,0.305,0.497,0.532,7,2.2,6.9,1.5,14.3,0.43,0.07,0.97,6.9,102.1,109.7
Reggie Jackson,Lac,G,30.95,45,21.1,43.9,19.3,11.6,54,0.778,183,0.486,159,0.428,0.558,0.58,9.4,2.6,7,2.9,19.2,0.56,0.07,1.07,7.8,116.2,106.3
Justin James,Sac,G-F,24.18,23,6.3,13.1,14.9,9.9,12,0.417,24,0.5,16,0.313,0.488,0.486,1.9,0.5,4.2,0.5,10.7,0.13,0.04,0.22,5,100.7,117.7
LeBron James,Lal,F,36.25,41,33.9,70.5,31.7,15,239,0.703,489,0.593,266,0.368,0.579,0.606,25.4,7.9,12.9,7.9,40.9,1.05,0.59,3.71,13.8,114.8,102.4
DaQuan Jeffries,Sac,G-F,23.58,17,13.4,28,12.6,10.4,7,0.857,29,0.517,28,0.321,0.5,0.524,3.7,1.6,6.6,0.3,2.8,0.41,0.24,0.41,3.6,102.7,112.2
Ty Jerome,Okc,G-F,23.73,14,26.1,54.4,15.3,10.9,9,0.556,42,0.476,69,0.449,0.599,0.6,9.9,3.1,6.3,3.5,20.1,0.86,0.14,1,7.3,119,107.2
Isaiah Joe,Phi,G,21.74,23,11.1,23.1,15.5,5.4,5,1,20,0.35,66,0.364,0.5,0.516,4,1.1,5.6,0.7,7.9,0.3,0.17,0.22,5.2,109.8,104.5
Alize Johnson,Bro,F,24.94,1,33,68.8,21.7,6.1,1,1,14,0.786,1,0,0.733,0.745,23,15,25.4,3,16.3,2,0,1,12.3,149.6,107.6
Cameron Johnson,Pho,F,25.07,39,23.4,48.8,17.3,7.9,37,0.865,99,0.566,212,0.373,0.561,0.582,9.8,3.3,7.8,1.4,8,0.59,0.33,0.72,6.1,113,107.4
James Johnson,Dal,F,34.1,29,17.4,36.2,16.3,14.6,29,0.586,85,0.612,60,0.25,0.514,0.526,5.7,3,9.4,1.7,13.8,0.83,0.79,0.93,7.1,103.7,102.4
Keldon Johnson,San,F-G,21.47,41,28.9,60.3,19.9,8.7,126,0.77,328,0.518,109,0.33,0.513,0.553,13.3,6.4,11.6,1.9,9.6,0.59,0.54,1.15,7.5,111.4,106.3
Stanley Johnson,Tor,F-G,24.83,41,14.1,29.4,10.6,19.7,18,0.778,36,0.417,70,0.371,0.509,0.535,3,2.1,8.4,1.1,10.8,0.71,0.29,0.68,5.4,103.3,103
Tyler Johnson,Bro,G,28.89,28,16.6,34.6,13.6,6.2,19,0.842,38,0.447,90,0.367,0.52,0.546,5.3,1.9,6.5,1,7.4,0.43,0,0.32,5.2,111.9,111.6
Nikola Jokic,Den,C,26.11,46,35.7,74.3,29.1,12.5,219,0.868,691,0.605,166,0.428,0.612,0.65,26.9,11.1,17.7,8.5,39.8,1.59,0.65,2.96,15.3,131.3,105.1
Derrick Jones Jr.,Por,F,24.12,42,26.2,54.6,12.4,8.5,75,0.653,141,0.631,115,0.33,0.57,0.59,8.1,4.3,8.7,0.9,4.8,0.76,1.07,0.64,4.8,122.6,111.7
Damian Jones,Pho,C,25.75,14,6.7,13.9,12.8,22.4,11,0.545,15,0.533,1,0,0.5,0.528,1.6,1.3,10.8,0.3,5.4,0.07,0.36,0.43,5.1,100.1,91.7
Damian Jones,Lal,C,25.75,8,14,29.1,10.6,18.3,12,0.917,17,0.941,0,0,0.941,0.965,5.4,3.3,12.9,0.1,1.3,0.13,0.88,0.63,3.5,158,89.1
Mason Jones,Hou,G,22.69,26,11.8,24.6,23.2,16.8,57,0.614,50,0.48,64,0.359,0.513,0.546,5.8,2,8.8,1.5,19.5,0.23,0.04,1.08,8.8,100.5,109
Tre Jones,San,G,21.22,21,4.3,9,19.4,17.4,5,1,30,0.467,1,1,0.5,0.542,1.7,0.4,5.2,0.5,15.9,0.1,0,0.33,6.5,103,111.9
Tyus Jones,Mem,G,24.89,44,19.7,41,16.9,10.7,27,0.889,199,0.508,99,0.283,0.48,0.5,7,2.2,6.1,4.1,28.5,1.09,0.11,0.84,8.1,111.6,111.8
DeAndre Jordan,Bro,C,32.69,45,22.4,46.8,13,23,65,0.492,202,0.767,1,0,0.764,0.738,7.6,7.3,18.2,1.7,10.1,0.31,1.24,1.53,8.1,126.6,105.3
Cory Joseph,Sac,G,29.61,44,21.5,44.7,14.3,14,47,0.766,156,0.513,94,0.33,0.506,0.534,6.6,2.3,5.9,2.5,14.7,0.86,0.2,1,6.3,108.7,111.4
Cory Joseph,Det,G,29.61,3,23.8,49.7,20.6,17.8,13,0.923,16,0.5,6,0.333,0.5,0.613,11.3,4,9.4,3.7,23.8,1.33,0.33,2,9.3,116.5,103.5
Mfiondu Kabengele,Lac,F-C,23.63,23,4.1,8.5,19.2,14.8,6,0.833,14,0.357,18,0.222,0.344,0.39,1.2,0.6,8.4,0.2,6.8,0.09,0.13,0.26,5.1,77.2,94.2
Frank Kaminsky,Pho,F-C,27.99,32,15.1,31.4,18.8,7.4,33,0.606,110,0.509,64,0.406,0.546,0.557,6.6,3.7,13.7,1.6,15.2,0.31,0.41,0.47,9,116.5,102.1
Enes Kanter,Por,C,28.86,46,26.6,55.5,17.5,10.9,114,0.781,391,0.606,1,0,0.605,0.637,12.2,11.7,23.6,1.2,7.2,0.54,0.72,1.17,8.4,132.8,107.1
Luke Kennard,Lac,G,24.76,42,19.5,40.5,16.1,10.4,17,0.824,118,0.5,141,0.489,0.627,0.636,8.1,2.7,7.9,1.7,12.4,0.33,0.17,0.74,6.8,121.7,108.2
Maxi Kleber,Dal,F,29.16,33,27.8,57.8,10.5,8.3,31,0.935,44,0.432,142,0.444,0.61,0.641,7.8,5.5,11,1.3,6.3,0.45,0.82,0.55,5.5,128.7,107.5
Nathan Knight,Atl,F-C,23.52,18,7.5,15.6,21.6,14.9,28,0.893,30,0.5,15,0.333,0.5,0.611,3.9,2,14.6,0.2,4.4,0.22,0.33,0.56,6.2,118.4,105.6
Kevin Knox II,Nyk,F,21.63,32,13.4,27.9,15.7,10.5,16,0.813,50,0.4,80,0.388,0.512,0.533,4.6,1.7,6.6,0.5,5.8,0.28,0.19,0.5,4.7,103.4,105
John Konchar,Mem,G,25.02,22,14.8,30.9,11.3,9.1,20,0.85,46,0.478,25,0.36,0.5,0.551,4,3.3,11.8,1.1,9.3,0.86,0.23,0.36,6.6,120.6,103.8
Furkan Korkmaz,Phi,G-F,23.68,35,19.3,40.2,20.2,10,57,0.737,102,0.451,161,0.366,0.511,0.54,8.9,2.1,6.1,1.1,7.7,0.71,0.14,0.91,5.7,104.7,106.1
Luke Kornet,Chi,F-C,25.71,13,7.2,15,13.6,3.4,4,0.5,4,0.75,23,0.261,0.444,0.452,2,1.2,9.4,0.3,5.4,0.15,0.54,0.08,5,99.1,115.3
Luke Kornet,Bos,F-C,25.71,2,13.2,27.5,21.9,14.9,1,0,4,0.75,7,0.571,0.818,0.787,9,4.5,19,1.5,19,0,0.5,1,11.9,137.1,112.8
Rodions Kurucs,Bro,F,23.15,5,3.2,6.6,8.3,0,0,0,1,0,2,0.5,0.5,0.5,0.6,0.6,10.6,0.4,15.3,0,0,0,6.6,,
Rodions Kurucs,Hou,F,23.15,11,6.8,14.2,17.5,29.1,2,0.5,6,0.5,15,0.133,0.286,0.297,1.2,1,7.8,0.4,7.2,0.55,0.36,0.82,4.6,52.8,103.8
Kyle Kuzma,Lal,F,25.68,46,27.4,57.2,20.8,12.6,55,0.636,253,0.51,251,0.367,0.53,0.539,12.4,6.8,13.8,1.6,8.8,0.46,0.52,1.65,7.5,103.9,102.3
Anthony Lamb,Hou,F,23.19,8,14.4,29.9,14,7.9,4,0.75,14,0.286,19,0.158,0.258,0.288,2.5,3.4,12.5,0.3,2.3,0.13,0.13,0.38,3.8,76.9,104.8
Jeremy Lamb,Ind,G-F,28.83,28,21.5,44.8,18.6,6.5,61,0.951,115,0.47,101,0.416,0.542,0.601,10.4,3.5,9,1.6,10.7,0.79,0.5,0.61,7.2,121.9,106.2
Zach LaVine,Chi,G-F,26.06,45,35,73,30.8,14.9,231,0.866,502,0.574,360,0.428,0.602,0.642,27.5,5,7.9,4.8,22.8,0.87,0.44,3.76,10,115.1,109.2
Jake Layman,Min,F,27.06,33,16.1,33.5,15,12.2,30,0.767,88,0.636,65,0.292,0.552,0.578,5.8,1.8,6.2,0.8,7.1,0.76,0.48,0.7,5,107.3,112.4
Jalen Lecque,Ind,G,20.79,4,3,6.3,36.8,0,3,1,8,0.125,1,0,0.111,0.242,1.3,1.3,23.1,0.5,21,0,0,0,12.6,,
Damion Lee,Gol,G-F,28.44,46,18.8,39.1,12.9,8.1,38,0.895,59,0.644,164,0.39,0.601,0.63,6.6,3.1,8.8,1.4,9.9,0.61,0.13,0.46,6.5,121.6,106.5
Saben Lee,Det,G,21.77,25,15.3,31.9,18.1,13.9,62,0.645,98,0.49,11,0.545,0.523,0.565,6.2,1.7,6.1,2.9,29.2,0.64,0.28,0.88,8.2,117,105.2
Alex Len,Tor,C,27.79,7,10.8,22.6,11.7,38.8,6,0.5,4,0.5,6,0.5,0.65,0.633,2.3,1.6,8,0.4,5.2,0.14,0.86,1.14,4.2,76.4,103.8
Alex Len,Was,C,27.79,30,15.9,33.2,16.4,13.8,65,0.615,119,0.706,15,0.2,0.66,0.667,7.2,4,13.2,1,9.5,0.3,1.2,0.87,7.7,122.9,103.2
Kawhi Leonard,Lac,F,29.75,39,34.5,71.8,29.2,8.2,233,0.871,514,0.566,196,0.383,0.568,0.622,25.9,6.3,10.3,4.9,23.4,1.82,0.46,1.87,10.8,125.7,108.1
Meyers Leonard,Mia,F-C,29.09,3,9.8,20.4,15,20.2,2,0.5,0,0,7,0.429,0.643,0.635,3.3,2.3,13.3,0.7,9.8,0,0,0.67,7.1,101.1,92.9
Caris LeVert,Bro,G,26.6,12,27.8,57.9,31.4,10.8,34,0.765,137,0.474,63,0.349,0.49,0.516,18.5,4.3,8.7,6,34.2,1.08,0.5,2.17,11.2,107.8,110.5
Caris LeVert,Ind,G,26.6,9,32.1,66.9,23.2,7.7,21,0.857,81,0.407,53,0.321,0.437,0.471,15,4.4,7.7,3.9,17.4,1.44,0,1.33,7.9,99.2,110.1
Kira Lewis Jr.,Nor,G,19.98,31,14.8,30.9,18.7,6.4,27,0.741,113,0.451,64,0.359,0.483,0.506,6.2,1.1,4,2.2,20.6,0.68,0.13,0.42,6.7,113.1,109.6
Damian Lillard,Por,G,30.71,44,36.2,75.3,32.5,11.9,336,0.943,416,0.531,489,0.374,0.548,0.621,29.7,4.3,6.4,7.8,36.6,0.86,0.25,3.23,11,124.8,117.8
Nassir Little,Por,F-G,21.13,29,13.9,29.1,14.4,8.9,35,0.857,49,0.531,58,0.379,0.551,0.605,5.1,2.6,9.8,0.4,4.5,0.14,0.38,0.41,5,122.8,113.9
Kevon Looney,Gol,F,25.14,36,15.4,32,10.2,16.7,27,0.741,89,0.607,9,0.444,0.612,0.637,3.9,4.1,14,1.8,15.3,0.42,0.39,0.61,8,134.1,100.9
Brook Lopez,Mil,C,32.99,46,27.1,56.4,16.5,9.4,86,0.837,205,0.6,201,0.333,0.55,0.585,11.3,5.1,9.8,0.7,3.4,0.65,1.39,1,5.1,115,106.9
Robin Lopez,Was,C,32.99,45,19.9,41.4,15.6,14,95,0.705,232,0.608,15,0.333,0.601,0.63,8.1,4.1,10.9,0.8,6,0.29,0.62,1.04,6,121.2,110.2
Kevin Love,Cle,F-C,32.56,4,14.5,30.3,21,10.7,7,0.714,10,0.3,12,0.333,0.409,0.459,5.8,3.3,12.4,1.3,12.7,0.25,0,0.75,8.1,96.2,110.9
Kyle Lowry,Tor,G,35.01,39,34.6,72,21.6,16.4,134,0.881,236,0.483,269,0.394,0.541,0.589,17,5.4,8.6,7.3,32.1,1.05,0.23,2.85,10.1,115.7,107.9
Timothe Luwawu-Cabarrot,Bro,G-F,25.89,40,19.4,40.4,17.1,10.8,32,0.781,88,0.443,170,0.341,0.488,0.509,6.9,2.5,7.1,1.3,8.4,0.68,0.13,0.83,5.8,100.9,107.4
Trey Lyles,San,F,25.4,23,15.6,32.4,13,5.7,23,0.652,50,0.58,40,0.35,0.556,0.574,5,3.7,12.7,0.6,5.3,0.26,0.04,0.26,5.7,115.3,109.8
Will Magnay,Nor,C,22.8,1,3.3,6.9,25.8,50,0,0,0,0,1,0,0,0,0,0,0,0,0,0,0,1,0,,
Thon Maker,Cle,F-C,20,8,9.6,19.9,14.7,11.6,11,0.909,16,0.625,2,0,0.556,0.657,3.8,2.3,13,0.5,7.8,0.25,0.5,0.38,6.8,131.9,107.4
Theo Maledon,Okc,G,19.8,40,27,56.2,16.8,18.4,46,0.761,143,0.399,178,0.371,0.486,0.508,8.7,3.3,6.4,3.4,17.9,0.95,0.08,1.93,6.8,95.9,106.6
Karim Mane,Orl,G,20.87,9,9.4,19.5,8.6,17.9,4,1,10,0.1,2,0.5,0.208,0.327,1,1.6,8.6,0.4,6.1,0,0.22,0.33,3.7,72.4,105.4
Nico Mannion,Gol,G,20.04,17,14.3,29.8,19.1,17.5,20,0.8,36,0.278,45,0.4,0.457,0.501,5.3,1.8,6.5,2.8,26.2,0.71,0,1.12,8.4,100.2,104.7
Terance Mann,Lac,G-F,24.44,45,17.6,36.6,14.5,10,62,0.774,157,0.535,49,0.388,0.546,0.585,6.1,3.8,12.1,1.4,10.3,0.4,0.22,0.58,7.2,121.6,103.4
Boban Marjanovic,Dal,C,32.62,22,8.4,17.5,25.6,8.4,18,0.722,85,0.518,5,0,0.489,0.516,4.6,4,26.4,0.3,6.2,0.05,0.14,0.41,8.4,112.9,102.6
Lauri Markkanen,Chi,F-C,23.86,25,29.6,61.6,22.1,8.4,62,0.839,148,0.588,174,0.391,0.587,0.616,17.2,5.8,10.9,0.9,4.7,0.52,0.44,1.28,6.1,114.4,109.6
Naji Marshall,Nor,F,23.18,7,3.3,6.9,14.5,12.7,2,0.5,4,0.25,2,0,0.167,0.218,0.4,0.3,4.8,0.3,10.2,0,0.14,0.14,4,,
Kenyon Martin Jr.,Hou,F,20.23,19,19.1,39.8,15.5,14.4,29,0.759,78,0.551,22,0.364,0.55,0.585,6.9,4.6,12.9,0.7,5.4,0.58,0.95,1,5.9,112.1,105.9
Caleb Martin,Cha,F,25.5,31,13.9,28.9,18.1,11.5,37,0.595,82,0.463,63,0.317,0.469,0.49,5.1,2.4,9.5,1,10.2,0.84,0.23,0.68,6.6,99.7,107.1
Cody Martin,Cha,F,25.5,33,13.7,28.6,13.2,15,24,0.667,75,0.587,33,0.273,0.532,0.552,4,2.6,10.5,1.4,14.1,0.52,0.18,0.64,7.1,114,109.5
Kelan Martin,Ind,F,25.66,14,3.9,8.1,20.6,15.5,2,1,12,0.417,9,0.222,0.381,0.411,1.3,0.9,12.4,0.1,2.5,0.21,0.07,0.29,5,,
Frank Mason,Orl,G,26.99,4,19.8,41.3,17.5,15.6,7,0.714,19,0.368,5,0.4,0.417,0.462,6.3,3,7.9,3,22,0,0,1.25,7.8,98.6,108.5
Garrison Mathews,Was,G,24.43,39,18.4,38.3,11.9,2.9,67,0.896,34,0.5,135,0.422,0.607,0.668,6.8,1.7,4.8,0.5,3.6,0.62,0.15,0.15,3.9,135.5,108.2
Dakota Mathias,Phi,G,25.72,8,15.4,32.2,17.8,1.9,6,0.333,22,0.5,26,0.308,0.479,0.474,6,0.9,3.1,1.6,14.8,0.13,0.38,0.13,5.3,107.7,109.5
Wesley Matthews,Lal,G,34.46,40,20.1,41.9,10.4,9.4,21,0.857,36,0.417,129,0.341,0.491,0.517,4.5,1.6,4.3,1,6.6,0.5,0.33,0.45,3.8,105.8,103.9
Tyrese Maxey,Phi,G,20.4,40,14.7,30.6,22.3,8.1,29,0.828,210,0.505,60,0.3,0.493,0.513,7.3,1.7,6.2,1.6,16.2,0.38,0.15,0.63,7.4,105.5,104.9
Skylar Mays,Atl,G,23.57,21,7.9,16.5,19.2,8.1,20,0.85,32,0.406,27,0.37,0.475,0.538,3.5,1,6.9,1,17.4,0.29,0,0.29,7.7,119,110.9
Patrick McCaw,Tor,G,25.43,5,6.7,13.9,3,0,3,1,1,1,0,0,1,1.078,1,0.6,5,0.8,15.1,0.4,0,0,4.7,233.3,98.2
CJ McCollum,Por,G,29.53,21,32.8,68.4,29.4,6,65,0.877,195,0.482,218,0.404,0.547,0.576,24.2,3.9,6.3,4.7,24.6,1,0.48,1.33,9.3,120.4,116.4
T.J. McConnell,Ind,G,29.01,42,25.2,52.5,14.1,22.2,26,0.577,235,0.57,23,0.304,0.56,0.564,7.2,3.5,7.8,6.5,35,1.83,0.36,1.83,8.7,115.9,107.6
Jalen McDaniels,Cha,F-C,23.16,21,11.2,23.2,18.5,16.8,21,0.714,47,0.532,28,0.286,0.493,0.528,4.2,2.2,10.9,0.5,6.1,0.1,0.24,0.81,5.9,94.7,102
Jaden McDaniels,Min,F,20.5,40,21.2,44.2,12.6,9.8,28,0.5,105,0.505,113,0.372,0.532,0.534,6.2,3.4,8.7,1,6.7,0.48,1.08,0.63,5.2,105.4,108.3
Doug McDermott,Ind,F,29.24,43,25,52.1,20,7.4,65,0.831,241,0.627,193,0.378,0.6,0.621,13.4,3.8,8.4,1.4,8.4,0.28,0.09,0.86,6.6,119.3,110.9
Sean McDermott,Mem,F,24.4,10,13.8,28.8,10.8,11.3,8,1,10,0.7,18,0.278,0.518,0.587,3.7,1.5,5.8,0.4,3.6,0.2,0.2,0.4,3.8,115.3,112.8
JaVale McGee,Cle,C-F,33.19,33,15.2,31.8,24.5,15.8,55,0.655,195,0.549,20,0.25,0.533,0.554,8,5.2,18.7,1,11.4,0.48,1.21,1.36,9.1,103,96.6
Rodney McGruder,Det,G,29.67,16,12.1,25.2,18.2,8.7,8,0.75,46,0.565,24,0.458,0.607,0.619,5.7,1.4,6.3,1,13.9,0.5,0.06,0.44,6.6,120.2,110.2
Alfonzo McKinnie,Lal,F,28.53,25,5.1,10.7,17.1,4,8,0.625,24,0.625,21,0.381,0.6,0.608,2.4,1.1,11.7,0.1,2.3,0.08,0,0.08,5,123.1,98.7
Jordan McLaughlin,Min,G,24.97,27,19.5,40.5,14.9,16.1,12,0.75,101,0.376,50,0.34,0.421,0.435,5,2.3,6.4,4.6,32.6,1.07,0.15,1.11,7.7,103.1,113.2
Ben McLemore,Hou,G,28.13,31,17.2,35.8,21,10.7,32,0.719,58,0.431,162,0.327,0.475,0.496,7.5,2.1,6.6,0.9,8,0.65,0.1,0.9,5.6,94,106.7
Nicolo Melli,Nor,F,30.17,22,11,22.9,12.2,10.1,7,0.857,22,0.364,37,0.189,0.314,0.346,2,2.6,13.2,1.1,12.5,0.41,0.05,0.32,6.5,93.2,104.2
De'Anthony Melton,Mem,G,22.84,32,19.8,41.3,20.1,12.9,35,0.771,126,0.516,123,0.439,0.586,0.603,10,3.3,8.8,2.7,19.5,1.22,0.5,1.22,9,115.3,103.4
Sam Merrill,Mil,G,24.87,20,7.4,15.4,14.7,15.4,2,1,15,0.467,28,0.464,0.616,0.627,2.8,1,7.1,0.8,13.8,0.25,0.05,0.4,7.1,119.7,109.5
Chimezie Metu,Sac,F-C,24.02,15,8.3,17.2,20.5,15.2,10,0.7,39,0.59,7,0.429,0.598,0.615,4.1,2.3,15.2,0.5,9.4,0.2,0.6,0.6,8.1,114.3,103.4
Khris Middleton,Mil,F,29.63,45,33.4,69.7,24.6,13.9,156,0.878,460,0.52,231,0.437,0.565,0.604,20.4,6,9.5,5.4,23,1.07,0.2,2.73,10.4,116.5,106
Darius Miller,Okc,F,31.03,14,10.3,21.5,12.3,14.6,9,1,4,0.75,27,0.407,0.629,0.686,3.4,1.4,6.9,1.1,15.5,0.57,0.29,0.43,6.7,128.1,107
Paul Millsap,Den,F,36.13,36,23.6,49.1,16.6,9.9,71,0.69,157,0.592,102,0.373,0.579,0.601,9.7,5.1,12.2,1.8,10.3,0.97,0.64,0.89,7.6,122.4,106.1
Patty Mills,San,G,32.63,43,25.8,53.7,19.9,8.7,56,0.911,139,0.532,297,0.394,0.572,0.597,12.8,1.7,3.4,2.5,14.2,0.65,0.02,1.02,5.9,114.4,112.2
Shake Milton,Phi,G-F,24.51,38,24.6,51.3,24.9,11.9,125,0.856,305,0.505,122,0.303,0.491,0.546,13.8,2.3,5.1,3,18.6,0.63,0.29,1.71,7.4,108.6,104.3
Donovan Mitchell,Uta,G,24.56,44,33.6,70,32.5,11.7,245,0.841,504,0.468,378,0.399,0.524,0.571,25.7,4.5,7.1,5.5,27.5,1.02,0.3,2.98,10.2,115,105.6
Adam Mokoka,Chi,G,22.7,9,5.2,10.8,15.6,11.8,0,0,7,0.714,8,0.125,0.433,0.433,1.4,0.4,4.7,0.4,11.4,0.22,0.11,0.22,4.7,90.4,105.4
Malik Monk,Cha,G,23.15,31,21.7,45.2,24.4,11.7,65,0.815,151,0.51,160,0.419,0.571,0.601,13.2,2.6,6.6,1.8,13.6,0.48,0.13,1.45,7.3,110.5,111.8
E'Twaun Moore,Pho,G,32.09,24,14.5,30.2,15.9,14.5,10,0.8,73,0.479,29,0.276,0.461,0.479,4.3,1.8,6.7,1.5,13.3,0.58,0.17,0.75,6.2,98.7,103.9
Ja Morant,Mem,G,21.64,36,31.6,65.8,28.2,13.5,210,0.762,438,0.498,128,0.234,0.465,0.521,19.1,3.4,5.7,7.5,35.6,0.86,0.19,2.86,10,107.8,111.2
Juwan Morgan,Uta,F,23.95,19,4.4,9.2,10.8,9.4,5,0.2,6,0.667,11,0.273,0.5,0.469,0.9,0.8,10.1,0.2,6.1,0.21,0,0.11,4.8,107.5,93.5
Marcus Morris Sr.,Lac,F,31.57,37,25.3,52.7,20,7.1,53,0.849,177,0.435,193,0.466,0.573,0.596,12.7,3.8,8.5,1.1,6.3,0.49,0.27,0.81,5.9,116.6,107.3
Markieff Morris,Lal,F,31.57,41,18.7,38.9,15.5,11.4,38,0.711,93,0.527,132,0.341,0.518,0.538,6.3,4.4,13.2,1,7.6,0.27,0.32,0.76,6.5,105.5,99
Monte Morris,Den,G,25.76,36,27.2,56.7,16,7,63,0.762,192,0.542,114,0.351,0.536,0.563,10.4,2.2,4.5,3.4,16.7,0.72,0.28,0.69,6.3,120.6,115.3
Mychal Mulder,Gol,G,26.8,39,10.1,21,14.4,6,17,0.588,16,0.563,101,0.396,0.59,0.594,3.8,0.8,4.5,0.4,5.6,0.21,0.21,0.21,4.2,109.9,110.2
Dejounte Murray,San,G,24.52,43,31.4,65.5,23.6,10,86,0.814,491,0.493,128,0.313,0.488,0.513,15.7,7,11.7,5.3,25.9,1.44,0.12,1.7,10.6,105.7,105.3
Jamal Murray,Den,G,24.1,44,35.4,73.7,24.7,11.4,139,0.856,432,0.528,285,0.411,0.563,0.595,21,3.9,6.2,4.9,20.6,1.27,0.27,2.27,8.3,116.9,111.8
Mike Muscala,Okc,F-C,29.75,35,18.4,38.4,20.5,6.9,36,0.917,83,0.614,184,0.37,0.573,0.599,9.7,3.8,10.7,0.8,7,0.23,0.31,0.6,6.7,114.3,106.1
Svi Mykhailiuk,Det,G-F,23.8,36,17.6,36.7,18.9,14.2,30,0.8,52,0.519,171,0.333,0.504,0.527,6.9,2.1,6.5,1.6,13.8,0.75,0.17,1.08,6.5,99.5,110.5
Svi Mykhailiuk,Okc,G-F,23.8,6,20.2,42,21.2,13.6,0,0,22,0.545,29,0.345,0.529,0.529,9,2.3,6.1,1.8,14.5,1,0,1.33,6.6,96.9,113
Abdel Nader,Pho,F,27.51,24,14.8,30.8,19,12.6,37,0.757,73,0.534,43,0.419,0.569,0.605,6.7,2.6,9.8,0.8,7.5,0.42,0.38,0.79,6.5,110.1,101.9
Larry Nance Jr.,Cle,F-C,28.24,29,32.7,68.2,13.6,14.8,41,0.634,141,0.56,95,0.379,0.564,0.575,10.1,7.1,12,3.1,14.1,1.79,0.59,1.52,7.4,112.7,107.8
Aaron Nesmith,Bos,G-F,21.45,25,15,31.2,12.2,14.1,14,0.714,23,0.478,62,0.339,0.5,0.521,3.8,2.3,8.6,0.4,3.4,0.28,0.24,0.6,4,100.3,106.2
Raul Neto,Was,G,28.86,40,20.5,42.7,16.5,9.2,43,0.814,173,0.497,104,0.365,0.516,0.542,8,2.3,6,2.2,14.8,1.15,0.08,0.75,6.7,109.5,109
Georges Niang,Uta,F,27.78,46,13.7,28.5,16.5,11.2,5,1,60,0.5,152,0.395,0.566,0.572,5.3,2.1,8.1,0.7,7.1,0.33,0.09,0.59,5.8,109.2,100.8
Zeke Nnaji,Den,F-C,20.22,31,10.5,21.8,12.9,7.3,15,0.8,36,0.667,46,0.413,0.64,0.66,3.8,1.7,9.1,0.2,2,0.13,0.1,0.23,4.1,127.4,111
Nerlens Noel,Nyk,C-F,26.97,41,22.8,47.4,9.9,22.8,38,0.658,144,0.618,2,0,0.61,0.624,5,6.2,14.7,0.7,4.1,1.02,2.05,1.17,4.9,113.3,97.3
Jaylen Nowell,Min,G,21.72,33,19.4,40.4,21.5,7,47,0.83,158,0.519,127,0.362,0.53,0.558,10.3,2.3,6.4,1.6,12.8,0.58,0.3,0.7,6.9,111.4,109.8
Frank Ntilikina,Nyk,G,22.67,17,14.7,30.6,14,12.6,12,0.5,27,0.222,37,0.459,0.492,0.498,4.1,1.4,4.9,0.8,7.3,0.82,0.06,0.59,4.5,97,97.7
Kendrick Nunn,Mia,G,25.66,38,28.6,59.6,21,11.4,43,0.907,226,0.535,207,0.372,0.546,0.566,13.5,3.1,6.1,2.6,15,1.05,0.24,1.53,6.7,105.6,107.2
Jusuf Nurkic,Por,C,26.6,14,22.7,47.4,21.4,17.1,33,0.515,100,0.52,16,0.313,0.513,0.521,9.7,7.4,17.6,2.6,17.6,0.86,0.93,1.93,10.1,104.5,103.7
David Nwaba,Hou,G-F,28.21,30,22.6,47.1,16.6,6.4,68,0.691,154,0.578,63,0.27,0.528,0.559,9.2,3.9,9.2,1,7.1,1,0.7,0.57,5.8,115,106.7
Jordan Nwora,Mil,F,22.55,15,8.9,18.6,25.9,17,17,0.765,36,0.361,25,0.48,0.508,0.548,5,1.9,11,0.3,4.1,0.4,0.2,0.93,6.4,93.8,103.5
Semi Ojeleye,Bos,F,26.32,40,19.1,39.9,11.4,7.9,30,0.733,49,0.449,125,0.392,0.549,0.569,5.3,2.9,8.5,0.8,5.1,0.28,0,0.4,4.8,117.4,112.8
Jahlil Okafor,Det,C-F,25.29,12,10,20.8,17.1,8.5,2,0.5,39,0.641,3,0,0.595,0.595,4.3,2.3,12.6,0.3,4.4,0.17,0.17,0.33,5.7,116.9,108.1
Chuma Okeke,Orl,F,22.61,30,22.5,46.8,11.6,11.6,17,0.647,73,0.425,80,0.413,0.526,0.536,5.7,3.7,8.5,1.9,12.2,0.77,0.37,0.7,6.1,110.9,110.7
Josh Okogie,Min,G,22.58,36,19.8,41.3,12.3,12.4,59,0.814,91,0.44,66,0.227,0.398,0.473,4.8,2.6,6.9,1.2,8,0.92,0.42,0.72,5,100.8,108.6
Onyeka Okongwu,Atl,F-C,20.3,24,9,18.7,12.6,14.4,17,0.588,45,0.6,1,0,0.587,0.598,2.7,2.3,13.7,0.2,3.3,0.33,0.54,0.38,4.8,113.9,97.1
Isaac Okoro,Cle,F-G,20.17,42,32,66.7,12.7,15.8,72,0.694,179,0.486,120,0.283,0.462,0.493,7.8,2.7,4.7,1.8,7.9,1.05,0.45,1.48,4.2,95.3,109.6
KZ Okpala,Mia,F-G,21.92,25,12.9,26.9,11.2,14.9,6,0.333,29,0.552,37,0.297,0.492,0.488,2.7,2,8.6,0.4,4.8,0.24,0.32,0.48,4,94.9,99.5
Victor Oladipo,Ind,G,28.9,9,33.3,69.3,26.8,9.7,37,0.73,83,0.47,69,0.362,0.503,0.535,20,5.7,9.5,4.2,19.3,1.67,0.22,2,9.4,104.2,106.1
Victor Oladipo,Hou,G,28.9,20,33.5,69.7,29.8,10.9,83,0.783,228,0.465,153,0.32,0.471,0.508,21.2,4.8,7.5,5,25.8,1.2,0.5,2.55,9.5,100.1,109.1
Kelly Olynyk,Mia,F-C,29.95,43,26.9,56,17.4,12.3,40,0.775,134,0.634,242,0.318,0.533,0.549,10,6.1,12.6,2.1,12,0.93,0.6,1.28,7.5,105.3,99.5
Kelly Olynyk,Hou,F-C,29.95,2,29.4,61.3,21.8,6.6,7,1,14,0.786,11,0.364,0.68,0.73,20.5,6.5,11.7,3,18.6,2,1,1,10,139,102.6
Royce O'Neale,Uta,F,27.82,46,32,66.6,9.5,16.6,32,0.844,71,0.563,186,0.414,0.605,0.623,7.3,6.7,11.1,2.5,10.1,0.83,0.5,1.17,6.2,122.9,101.8
Miye Oni,Uta,G-F,23.65,32,8.2,17,10.9,12,6,0.833,7,0.286,49,0.388,0.545,0.563,2.1,1.7,10.9,0.3,4.4,0.16,0.16,0.25,5,114.9,96.9
Cedi Osman,Cle,F,25.98,44,25,52.2,20.3,9.1,69,0.754,188,0.415,251,0.307,0.441,0.468,10,3.5,7.7,2.6,16,0.98,0.14,1.07,7.2,99.2,109.1
Daniel Oturu,Lac,C,21.52,16,4.6,9.5,18,16.8,4,0.5,22,0.545,1,0,0.522,0.525,1.6,1.3,15.4,0.4,11.5,0.06,0.19,0.31,8.2,107.5,98.7
Kelly Oubre Jr.,Gol,F-G,25.31,45,30.6,63.8,21.9,7.5,140,0.693,363,0.521,230,0.304,0.496,0.523,15.2,6,10.3,1.4,6.8,1.04,0.78,1.18,6.6,102.7,106.8
Jabari Parker,Sac,F,26.04,3,9.1,19,15.7,30,0,0,6,0.667,1,0,0.571,0.571,2.7,2,12.2,0.3,4.9,0,0.33,1,5.2,82.8,106.3
Eric Paschall,Gol,F,24.4,38,17.2,35.8,23.6,10.8,87,0.713,234,0.534,50,0.32,0.525,0.559,9.5,3.1,9.6,1.3,11.8,0.29,0.16,1.03,7.8,105.4,105.5
Anzejs Pasecniks,Was,C-F,25.28,1,6.3,13.1,39.6,83.3,0,0,0,0,1,0,0,0,0,1,8.4,1,18.3,0,0,5,0,20.8,89.9
Patrick Patterson,Lac,F,32.04,19,13,27,13.9,10.3,6,0.667,22,0.636,45,0.422,0.634,0.639,4.7,1.7,7.3,0.6,6.5,0.47,0.11,0.42,5.2,121,103.9
Justin Patton,Hou,C,23.79,13,19,39.5,13.1,5.3,4,0.75,36,0.556,34,0.265,0.479,0.488,5.4,3.8,10.5,1.1,8.3,0.92,1.08,0.31,5.9,107.8,100.2
Chris Paul,Pho,G,35.9,44,31.9,66.5,22.4,14.6,119,0.941,386,0.531,165,0.364,0.535,0.582,16,4.7,8.2,8.5,38.8,1.41,0.23,2.34,10.8,119.9,103.5
Cameron Payne,Pho,G,26.64,34,16.9,35.2,17.8,15.7,29,0.897,99,0.525,82,0.415,0.569,0.599,6.8,2.1,7,3.6,28.9,0.56,0.21,1.06,8.8,119.3,102.2
Elfrid Payton,Nyk,G,27.1,38,27.2,56.6,23,12.8,84,0.714,364,0.475,70,0.243,0.457,0.485,12,3.7,7.4,3.5,20.8,0.74,0.21,1.82,7.9,100.6,106.5
Norvel Pelle,Bro,C,28.15,3,9.3,19.3,15.7,30,0,0,7,0.429,0,0,0.429,0.429,2,2.3,14.1,0,0,0,1,1,0,75.9,83.6
Norvel Pelle,Sac,C,28.15,1,3.8,7.9,31.1,0,4,0.75,1,0,0,0,0,0.543,3,1,14.6,1,29.4,0,0,0,15.2,,
Reggie Perry,Bro,F-C,21.02,15,11.7,24.3,19.1,15.6,11,0.727,44,0.477,16,0.25,0.45,0.478,4.1,3.9,18.8,0.9,9.9,0.27,0.33,0.8,8.3,101.5,97.2
Theo Pinson,Nyk,G-F,25.4,13,2.2,4.5,14.1,11.1,0,0,1,1,7,0,0.125,0.125,0.2,0.2,3.8,0.1,4.6,0,0,0.08,2.9,,
Mason Plumlee,Det,F-C,31.07,44,27.5,57.3,16.3,19.9,144,0.653,291,0.615,7,0,0.601,0.625,10.3,9.5,19.2,3.6,20.4,0.86,0.89,2.05,10.3,119.1,98.7
Jakob Poeltl,San,C,25.46,44,24.7,51.5,13.5,16.7,73,0.384,247,0.628,0,0,0.628,0.605,7.7,7.8,16.7,1.8,9.9,0.55,1.66,1.27,7.7,120.3,104.1
Vincent Poirier,Phi,C-F,27.45,10,3.9,8.1,19.2,17,6,0.333,11,0.273,1,0,0.25,0.273,0.8,1.3,18.3,0.2,6.5,0,0.3,0.3,6.1,,
Aleksej Pokusevski,Okc,C,19.26,27,22.6,47.1,18.3,17.1,19,0.895,94,0.394,111,0.234,0.371,0.396,6.3,4.8,11.1,1.8,11.4,0.44,1,1.63,6.7,78.8,109.4
Jordan Poole,Gol,G,21.78,26,17.2,35.8,23.9,8,51,0.922,90,0.6,118,0.373,0.577,0.623,11,1.6,4.9,1.7,15.2,0.35,0.12,0.77,7.2,117.1,109.4
Kevin Porter Jr.,Hou,G-F,20.9,9,30.1,62.7,26.3,16.2,23,0.652,75,0.587,55,0.218,0.477,0.496,15.4,2.9,5.1,5.8,32.1,1,0.56,3,8.5,95.9,110.5
Michael Porter Jr.,Den,F,22.75,36,29.6,61.7,20.2,7.9,71,0.746,221,0.606,200,0.44,0.632,0.647,16.3,7.4,14.2,0.9,4.6,0.67,0.92,1.08,6.4,123.5,108.3
Otto Porter Jr.,Chi,F,27.82,25,21.6,45,19.3,10.3,37,0.838,107,0.477,95,0.4,0.535,0.566,9.9,5.5,14.1,2,13,0.48,0.16,1,8.8,113.9,107.7
Otto Porter Jr.,Orl,F,27.82,1,24.9,51.9,12.2,0,0,0,2,0.5,5,0.2,0.357,0.357,5,4,8.4,1,5.6,1,0,0,4.4,82.1,101
Jontay Porter,Mem,C-F,21.37,2,4.9,10.2,25.7,33.3,0,0,2,0.5,2,0.5,0.625,0.625,2.5,3.5,38.2,0.5,15,1,0,1,13.4,95.8,82.9
Bobby Portis,Mil,F,26.13,43,21,43.7,19.6,8.1,38,0.737,268,0.56,102,0.48,0.604,0.614,11,6.8,17.1,1.1,7.3,0.77,0.4,0.79,8.3,122.5,102.1
Kristaps Porzingis,Dal,F-C,25.66,29,30.4,63.4,27.3,6.8,93,0.839,285,0.554,181,0.365,0.552,0.584,20.4,8.9,16.1,1.6,8.7,0.41,1.59,1.28,8.7,115.9,105
Dwight Powell,Dal,F-C,29.69,32,14.6,30.5,13.4,12.8,66,0.773,77,0.545,17,0.235,0.511,0.597,4.6,3.4,12.8,0.8,7.4,0.5,0.31,0.56,6.4,124,97.8
Norman Powell,Tor,G,27.85,42,30.4,63.4,24.1,10.8,163,0.865,297,0.552,269,0.439,0.602,0.645,19.6,3,5.4,1.8,10.1,1.12,0.19,1.83,6.2,116.9,110.7
Norman Powell,Por,G,27.85,2,31.4,65.4,20.8,16.6,14,0.643,10,0.4,9,0.667,0.684,0.696,17.5,2.5,4.3,0.5,2.3,1.5,0.5,2.5,3.6,115.6,108
Taurean Prince,Bro,F,27.02,12,18.2,37.8,19.4,11.4,27,0.889,37,0.459,37,0.351,0.493,0.565,8.1,2.8,8.7,0.6,4.3,0.67,0.67,0.92,5.2,105.1,106.1
Taurean Prince,Cle,G,27.02,18,23.4,48.6,18.1,12,26,0.808,75,0.32,68,0.397,0.451,0.486,8.3,3.9,9.2,2.4,15.4,0.61,0.61,1.17,7.3,100.8,108.8
Payton Pritchard,Bos,G,23.17,41,19.7,41.1,15.5,13,22,0.864,110,0.509,134,0.418,0.574,0.589,7.3,2.2,6.3,2,14,0.56,0.17,0.93,6.5,116,108.7
Immanuel Quickley,Nyk,G,21.78,42,20,41.8,27.7,7.7,134,0.888,209,0.407,221,0.376,0.487,0.55,12.8,2.3,6.1,2.3,19,0.52,0.24,0.98,8.2,113.8,102.7
Jahmi'us Ramsey,Sac,G,19.81,5,3.4,7,15.3,16.7,0,0,2,1,3,0.333,0.7,0.7,1.4,0.8,13.2,0.2,8.3,0,0.2,0.2,7.1,,
Chasson Randle,Orl,G,28.15,17,21.2,44.1,12.8,17.9,16,0.813,30,0.5,50,0.38,0.544,0.574,5.9,1.9,4.8,2.5,16.9,0.29,0.12,1.12,5.7,108.3,108.2
Julius Randle,Nyk,F-C,26.33,46,37,77.2,27.8,14,267,0.787,587,0.486,222,0.419,0.525,0.572,23,10.8,15.6,5.8,26.7,0.89,0.22,3.28,12.2,111.6,100.2
Cam Reddish,Atl,F-G,21.58,26,28.9,60.1,19.2,10.2,82,0.817,137,0.46,126,0.262,0.428,0.488,11.2,4,7.6,1.3,6.7,1.27,0.35,1.31,5.4,99.6,106.6
JJ Redick,Nor,G,36.76,31,18.6,38.8,19.2,9.6,47,0.957,74,0.486,140,0.364,0.526,0.575,8.7,1.7,5,1.3,9.4,0.29,0.06,0.81,5.8,113.2,113.8
Paul Reed,Phi,F,21.79,9,8.5,17.7,20.2,16.5,1,0,25,0.56,5,0,0.467,0.46,3.1,1.9,12.2,0.3,5.8,0.22,0.56,0.67,5.7,91.6,101.8
Naz Reid,Min,C-F,21.59,45,19.2,39.9,22.6,10.5,106,0.698,263,0.597,107,0.336,0.57,0.595,11,4.5,12.6,1.2,9.9,0.6,1.11,1.09,8.1,112.4,103.4
Cameron Reynolds,San,F,26.14,2,2.1,4.3,10.7,0,0,0,1,1,0,0,1,1,1,0,0,0,0,0,0,0,0,,
Nick Richards,Cha,C,23.33,11,3.4,7.1,13.5,8.4,11,0.636,6,0.5,0,0,0.5,0.6,1.2,0.7,11.6,0,0,0,0,0.09,0,,
Josh Richardson,Dal,G,27.54,36,32,66.6,18,11.8,81,0.926,200,0.54,177,0.316,0.509,0.556,12.8,3.5,6,2.8,12.4,0.94,0.39,1.53,6.3,110.3,109.5
Austin Rivers,Nyk,G,28.66,21,21.1,43.9,16.2,13.5,14,0.714,58,0.517,77,0.364,0.533,0.545,7.3,2.2,5.7,2,14,0.57,0,1.05,6,105.5,106
Andre Roberson,Bro,G-F,29.32,5,12.6,26.2,11.7,11.8,2,0.5,6,0.167,8,0.125,0.179,0.202,1.2,3,13.3,0.8,7.4,0.6,0.2,0.4,4.5,78.6,109.5
Glenn Robinson III,Sac,F,27.22,23,16.1,33.5,13.9,9.2,23,0.913,55,0.473,44,0.364,0.505,0.554,5.3,2,6.8,0.9,6.9,0.17,0.13,0.48,5.3,112.6,117.3
Duncan Robinson,Mia,F,26.94,47,32.7,68.2,15.8,10.1,55,0.836,66,0.606,398,0.394,0.594,0.611,12.7,3.7,6.4,1.7,7.8,0.55,0.21,1.17,5.3,109.9,106.4
Jerome Robinson,Was,G,24.1,15,17.3,36,16.5,15.6,20,0.8,45,0.311,33,0.273,0.353,0.409,4.7,2.3,6.9,1.4,10.4,0.73,0.33,1.07,5.7,81.5,105.6
Mitchell Robinson,Nyk,C-F,23,31,27.5,57.3,11.6,11.5,53,0.491,176,0.653,0,0,0.653,0.642,8.3,8.1,15.9,0.5,3,1.13,1.45,0.84,4.7,129.4,99.6
Isaiah Roby,Okc,F,23.15,40,23.3,48.4,17.4,17.1,87,0.724,205,0.566,66,0.318,0.544,0.579,9,5.6,12.7,1.8,11.4,0.9,0.7,1.6,7.7,108.1,101.1
Rajon Rondo,Atl,G,35.1,27,14.9,31,16.1,26,2,0.5,65,0.415,45,0.378,0.477,0.478,3.9,2,7.5,3.5,33,0.7,0.07,1.44,8.1,97.6,109
Derrick Rose,Det,G,32.48,15,22.8,47.4,30,12.3,50,0.84,145,0.455,39,0.333,0.465,0.517,14.2,1.9,4.7,4.2,33.3,1.2,0.27,1.93,8.5,104.1,111
Derrick Rose,Nyk,G,32.48,12,25.2,52.4,24.7,12.4,26,0.846,105,0.429,32,0.438,0.482,0.519,12.8,2.4,5.2,4.3,28.1,1.08,0.67,1.75,8.1,105.4,107.9
Terrence Ross,Orl,G-F,30.15,36,29.6,61.7,24.3,10.2,94,0.894,270,0.459,225,0.36,0.496,0.536,16,3.5,6.2,2.3,12.6,1.08,0.47,1.69,6.8,102.9,108.9
Terry Rozier,Cha,G,27.04,43,33.3,69.4,23.8,10.3,135,0.844,309,0.544,346,0.416,0.586,0.617,20.5,3.9,6.4,3.4,16.6,1.3,0.33,1.91,7.8,117.1,111.2
Ricky Rubio,Min,G,30.44,45,26.4,55,16,19.2,110,0.845,196,0.444,122,0.295,0.443,0.512,8.3,3.2,6.5,6.9,35.6,1.38,0.04,1.93,8.6,110.4,109.9
D'Angelo Russell,Min,G,25.1,20,29.2,60.7,29.4,13.2,64,0.75,178,0.449,148,0.399,0.517,0.544,19.3,2.6,4.8,5.1,29.1,1.1,0.5,2.7,8.7,104.1,113.5
Domantas Sabonis,Ind,F-C,24.9,45,36.1,75.3,24.6,16.6,269,0.721,539,0.573,117,0.308,0.553,0.594,20.4,11.3,17.4,6.1,25.8,1.18,0.56,3.42,12.4,114.3,103
Luka Samanic,San,F,21.22,17,9.2,19.3,18.5,15,17,0.529,24,0.667,25,0.32,0.571,0.575,3.8,2.2,12.4,0.2,3.6,0.24,0.18,0.59,5.2,102.3,103
JaKarr Sampson,Ind,F,28.03,16,6.2,12.9,19.4,15.8,10,0.8,28,0.5,5,0.2,0.47,0.521,2.4,1.9,17,0.1,1.4,0.13,0.19,0.44,5,96.9,102.5
Dario Saric,Pho,F-C,26.98,27,18.6,38.7,24,14.1,51,0.902,127,0.528,83,0.337,0.519,0.568,9.8,4.2,12.7,1.3,9.9,0.56,0.11,1.41,8.1,105.3,98.3
Tomas Satoransky,Chi,G,29.41,34,22.6,47.1,14.9,21.6,48,0.917,122,0.582,67,0.403,0.59,0.635,7.9,2.5,6.2,4.8,28.2,0.71,0.26,1.71,8.1,120.9,110.8
Dennis Schroder,Lal,G,27.54,43,31.7,66.1,23,16.2,199,0.839,386,0.477,132,0.318,0.477,0.546,15.4,3.5,6.2,4.9,22.6,1.16,0.23,2.72,8.1,105.7,100.9
Mike Scott,Phi,F,32.7,27,17.5,36.5,10.8,12.5,10,0.6,20,0.5,81,0.321,0.485,0.493,3.9,2.6,8.1,0.7,4.8,0.56,0.15,0.56,4.4,96.1,103.8
Collin Sexton,Cle,G,22.23,40,36,74.9,28.7,11.5,229,0.803,562,0.509,179,0.374,0.522,0.568,23.9,2.9,4.4,4.2,21.1,1.15,0.1,2.73,7.4,109.7,111
Landry Shamet,Bro,G,24.05,39,20.1,41.9,16.6,9,43,0.837,63,0.444,190,0.374,0.532,0.561,7.8,1.8,5,1.1,7.2,0.49,0.13,0.69,5,108.6,112.3
Iman Shumpert,Bro,G,30.76,2,5.5,11.5,19.8,20,0,0,1,1,3,0,0.25,0.25,1,0.5,5.1,0,0,0.5,0,0.5,0,56,117.3
Pascal Siakam,Tor,F,26.99,38,35.3,73.4,25.2,10.1,201,0.826,456,0.502,160,0.294,0.486,0.543,20.1,7.4,11.5,4.7,21.7,1.08,0.66,2.08,10.1,112.4,107.1
Chris Silva,Mia,F,24.52,11,7.5,15.7,15.4,31.5,15,0.733,12,0.667,1,1,0.731,0.765,2.7,2.3,16.8,0.5,10.6,0.09,0.45,0.82,7.8,116.4,84.5
Ben Simmons,Phi,G-F,24.69,38,34,70.9,21.3,21.4,205,0.644,411,0.562,9,0.333,0.561,0.591,15.9,7.9,12.8,7.5,32.4,1.5,0.68,3.66,11.5,112.7,99.9
Anfernee Simons,Por,G,21.81,39,16.8,35,20.3,10,31,0.774,78,0.372,186,0.425,0.559,0.574,8.2,2.4,7.5,1.5,12.9,0.21,0.13,0.79,7.4,112.9,111.5
Deividas Sirvydis,Det,F-G,20.8,8,1.7,3.5,22.4,14.5,2,0.5,0,0,5,0.2,0.3,0.34,0.5,0.3,8.3,0.1,10.5,0.13,0,0.13,5.8,,
Alen Smailagic,Gol,F,20.61,4,3.9,8,21.8,0,2,0,3,0.333,4,0.25,0.357,0.317,1.3,0,0,0,0,0,0,0,0,,
Marcus Smart,Bos,G,27.07,28,32,66.7,18.5,12.2,96,0.781,137,0.474,159,0.333,0.488,0.538,13,3,5.2,5.3,22.7,1.46,0.54,1.68,7.4,114.4,109.6
Dennis Smith Jr.,Nyk,G,23.34,3,9.2,19.2,21.7,7.3,6,0.833,6,0.333,4,0,0.2,0.356,3,0.7,3.9,1,14.7,1,0,0.33,5.6,83.9,92.9
Dennis Smith Jr.,Det,G,23.34,16,20.1,41.8,19.6,15.2,10,0.7,70,0.457,48,0.354,0.487,0.498,7.6,3,8.3,3.9,31,1.06,0.88,1.38,8.9,104.8,106.1
Ish Smith,Was,G,32.73,19,20.6,42.9,15.1,13.4,15,0.4,96,0.406,20,0.25,0.401,0.404,5.2,3.5,8.9,4.7,30.5,0.79,0.21,1,8.6,99,112.1
Jalen Smith,Pho,F-C,21.04,15,4.4,9.2,17.1,11.8,3,0.333,12,0.5,9,0.222,0.429,0.426,1.3,1,12.7,0.1,4,0,0.13,0.2,4.6,89.3,102.6
Tony Snell,Atl,G,29.38,33,20,41.6,9,10.2,4,1,38,0.395,84,0.571,0.713,0.719,5.4,2.3,6.2,1.4,9.5,0.15,0.24,0.42,5.2,137.9,111
Ray Spalding,Hou,F,24.05,2,9.4,19.5,18,38.1,2,0,3,0.667,1,0,0.5,0.41,2,2,11.4,0,0,0,1,1.5,0,60.3,101.6
Cassius Stanley,Ind,G,21.61,12,2.8,5.7,23.7,5.5,5,0.8,10,0.3,5,0.2,0.3,0.378,1.1,0.7,13.5,0,0,0,0.17,0.08,0,,
Lamar Stevens,Cle,F,23.72,32,13.6,28.3,16.1,11.2,44,0.705,101,0.505,23,0.174,0.46,0.506,4.5,2.7,11,0.8,8.2,0.5,0.38,0.56,6.3,102.7,105.2
Isaiah Stewart,Det,F-C,19.86,44,19.1,39.8,14.1,14.4,46,0.674,192,0.594,19,0.421,0.597,0.612,6.4,5.8,16.8,0.8,6.5,0.52,1,0.89,6.5,119.3,100.7
Max Strus,Mia,G-F,25,24,13.8,28.7,18,3,16,0.688,24,0.917,98,0.357,0.611,0.62,6.7,1,4.2,0.5,5.8,0.21,0,0.17,4.3,118.5,107
Edmond Sumner,Ind,G,25.25,32,12.3,25.7,18.5,14.2,37,0.811,80,0.575,49,0.388,0.578,0.616,5.6,1.4,6.4,0.5,6.1,0.5,0.09,0.75,5.1,109,105.8
Jae'Sean Tate,Hou,F,25.42,46,28.6,59.6,15.1,11.3,88,0.716,263,0.605,113,0.319,0.566,0.59,10.6,5.5,10.1,1.8,9.8,1.13,0.59,1.15,6.6,116.9,104.5
Jayson Tatum,Bos,F-G,23.07,41,35.6,74.3,30.2,9.7,187,0.861,544,0.487,299,0.385,0.519,0.56,25.3,6.8,10.7,4.4,20.4,1.32,0.46,2.41,10.2,112.2,110.2
Jeff Teague,Bos,G,32.8,34,18.1,37.8,17.7,15.4,61,0.836,132,0.394,56,0.464,0.484,0.542,6.9,1.7,5.2,2.1,16.1,0.76,0.21,1.15,6.4,107.6,110.8
Garrett Temple,Chi,G-F,34.89,37,27.1,56.4,13.5,11.4,38,0.816,127,0.52,137,0.336,0.511,0.536,8.1,3.1,6.2,2,9.5,0.89,0.49,0.97,5.4,106.9,107.9
Tyrell Terry,Dal,G,20.5,11,5.1,10.7,15.2,10.4,3,0.333,9,0.556,7,0,0.313,0.318,1,0.5,5.8,0.5,14,0.45,0,0.18,4.9,74.6,110.2
Daniel Theis,Bos,F-C,28.98,42,24.5,50.9,15,11.4,67,0.687,193,0.653,95,0.347,0.609,0.625,9.5,5.2,11.9,1.6,9.2,0.6,1.02,0.98,7,122.3,104.1
Brodric Thomas,Hou,G,24.17,4,6.1,12.6,24.8,28.4,7,0.714,1,1,6,0.167,0.357,0.496,2.5,1,8.8,1,22.9,0.25,0.25,1,8.9,88.1,93.7
Brodric Thomas,Cle,G,24.17,8,14.6,30.4,16.8,6.6,14,0.857,19,0.368,17,0.235,0.361,0.451,4.8,1.4,5.2,1,9.7,0.75,0.5,0.38,5.2,99,108.8
Matt Thomas,Tor,G,26.65,26,7.4,15.4,15.9,8.4,7,0.857,21,0.333,41,0.415,0.524,0.545,2.7,0.8,6,0.3,6.7,0.08,0,0.23,4.7,105.4,114.9
Matt Thomas,Uta,G,26.65,2,7.9,16.5,27.1,30,0,0,2,0.5,5,0.2,0.357,0.357,2.5,2.5,16.7,1,17.3,0.5,0,1.5,9.3,67.6,99.9
Tristan Thompson,Bos,C-F,30.05,36,22.5,46.9,15.6,11.9,80,0.6,220,0.541,3,0,0.534,0.554,7.9,8.4,20.8,1,6.2,0.36,0.36,0.97,7.2,117.9,105.4
Sindarius Thornwell,Nor,G,26.37,14,5.2,10.9,15.1,15.5,2,0,12,0.333,9,0.333,0.405,0.388,1.2,0.4,3.8,0.3,6.9,0.36,0.07,0.29,4,76.8,113.6
Matisse Thybulle,Phi,G-F,24.07,43,19,39.6,9,9.8,14,0.571,58,0.569,92,0.304,0.5,0.506,3.7,1.8,5.2,1,6.7,1.53,0.98,0.4,4,107.8,98.7
Killian Tillie,Mem,F-C,23.07,5,7.3,15.3,19.9,5.8,3,0.667,6,0.167,9,0.222,0.267,0.306,2,1.2,8.8,0.2,3.4,0.4,0.6,0.2,4.3,76.2,99.5
Xavier Tillman,Mem,F,22.21,34,18.6,38.7,14.3,12.5,30,0.733,138,0.587,37,0.27,0.549,0.569,6.3,4.1,11.8,1.4,10.5,0.82,0.53,0.79,7.1,113.9,101
Obi Toppin,Nyk,F,23.07,37,11.8,24.5,15.9,12.1,17,0.706,81,0.593,50,0.28,0.527,0.542,4.1,2.2,10.2,0.5,6.2,0.27,0.3,0.51,5.6,103.7,103
Juan Toscano-Anderson,Gol,F,27.97,32,18.5,38.5,11.2,20.7,18,0.722,67,0.642,48,0.438,0.648,0.659,5.1,3.9,11.3,2.2,16.1,0.66,0.47,1,7.6,117.9,102.1
Axel Toupane,Mil,G-F,20,4,9.8,20.5,7.5,0,0,0,6,0.333,1,0,0.286,0.286,1,1,5.3,0.5,5.8,0,0.75,0,3.2,77.6,109
Karl-Anthony Towns,Min,C-F,25.37,27,33.8,70.4,28.5,14.5,145,0.862,308,0.542,158,0.405,0.564,0.614,24.1,10.5,16.6,4.3,21.9,0.74,1.56,3.33,12.2,114.6,106.3
Gary Trent Jr.,Por,G-F,22.2,41,30.8,64.1,20.1,5.3,75,0.773,219,0.438,305,0.397,0.53,0.55,15,2.2,3.9,1.4,6.9,0.9,0.15,0.76,4.7,112.4,118.2
Gary Trent Jr.,Tor,G-F,22.2,3,32.5,67.7,16.8,2.6,2,0.5,19,0.421,17,0.235,0.389,0.393,9.7,3.7,6.2,1.7,7.4,1,0,0.33,4.8,86.2,111.1
P.J. Tucker,Hou,F,35.9,32,30,62.4,7.7,19,23,0.783,45,0.467,86,0.314,0.469,0.5,4.4,4.6,8.2,1.4,6.2,0.88,0.56,1.03,4.1,98.7,106.8
P.J. Tucker,Mil,F,35.9,3,14.5,30.2,3.9,0,0,0,0,0,4,0.25,0.375,0.375,1,2,7.2,0.3,2.6,0,0.67,0,2.3,123.2,113.1
Rayjon Tucker,Phi,G,23.51,2,3.1,6.4,25.4,0,6,1,0,0,1,1,1.5,1.236,4.5,0.5,9,0.5,23.4,0,0,0,13.4,,
Myles Turner,Ind,C-F,25.01,42,31,64.7,16.7,11.5,126,0.786,204,0.608,186,0.333,0.556,0.598,12.7,6.4,11.6,1,4.6,0.93,3.52,1.38,5.6,112.2,103.3
Jonas Valanciunas,Mem,C,28.9,39,27.6,57.5,23.3,12.4,139,0.755,423,0.579,37,0.297,0.568,0.603,16.1,12.5,24.3,1.7,9.7,0.59,0.69,1.9,10.1,117.8,99.4
Denzel Valentine,Chi,G,27.37,40,18.1,37.8,18.8,6.9,9,1,121,0.43,171,0.333,0.471,0.48,7.1,3.8,11.6,1.6,12.3,0.63,0.03,0.55,7.8,101.5,108.3
Jarred Vanderbilt,Min,F,21.99,44,17.8,37.2,12.8,18.4,74,0.581,159,0.61,4,0.25,0.604,0.614,5.5,5.4,16.3,1.3,10.4,0.98,0.68,1,7.6,115.9,103.6
Fred VanVleet,Tor,G,27.09,42,36.8,76.6,24,9.7,166,0.886,320,0.422,383,0.373,0.497,0.545,20.1,4.3,6.5,6.2,26.3,1.69,0.69,1.98,8.8,113.1,110.9
Devin Vassell,San,G-F,20.6,37,17.1,35.6,13.3,7.8,30,0.867,80,0.413,85,0.412,0.518,0.553,5.3,3.1,9.4,1,7.8,0.89,0.3,0.41,5.9,112,104.4
Gabe Vincent,Mia,G,24.79,32,14.9,31,20,12.7,21,0.905,65,0.523,112,0.295,0.472,0.499,5.8,1.2,4.6,1.5,15.7,0.5,0.06,0.84,5.9,97,102.3
Noah Vonleh,Bro,F,25.6,4,2.7,5.6,20.2,40,0,0,1,0,2,0,0,0,0,0.3,5.2,0.3,10.4,0,0,0.5,0,,
Nikola Vucevic,Orl,C,30.43,44,34.1,71,30,8,110,0.827,620,0.515,288,0.406,0.545,0.565,24.5,11.8,17.9,3.8,21.8,0.95,0.64,1.89,12.1,112.5,106.3
Nikola Vucevic,Chi,C,30.43,2,29.2,60.7,24.1,6.1,4,1,21,0.762,8,0.25,0.655,0.683,21,9,17.1,4.5,27.1,0,0.5,1,13,137.4,102.1
Dean Wade,Cle,F-C,24.35,39,14.3,29.8,13.1,8.3,20,0.75,50,0.54,95,0.379,0.559,0.575,4.5,2.6,9.9,0.9,9.7,0.31,0.33,0.36,6.1,117.4,109.6
Moritz Wagner,Was,F-C,23.93,25,15,31.3,18.4,12.7,52,0.788,80,0.613,42,0.31,0.561,0.614,7.1,2.9,10.3,1.3,12.1,0.88,0.32,0.84,8,116.2,98.1
Moritz Wagner,Bos,F-C,23.93,3,6.9,14.4,22.6,27.6,2,0.5,4,0.25,3,0.333,0.357,0.381,2,2.7,21.5,0.7,12.6,0,0,1,9,70.6,97.5
Lonnie Walker IV,San,G-F,22.29,37,26.2,54.5,20.1,8.6,46,0.783,209,0.483,177,0.356,0.506,0.526,11.5,2.8,5.6,1.6,9.2,0.51,0.35,1.03,5.7,100.6,108.4
Kemba Walker,Bos,G,30.89,28,30.8,64.2,26.9,11.5,89,0.933,212,0.439,225,0.356,0.487,0.534,18.2,3.5,6.3,4.6,22.6,1.18,0.32,2.21,8.6,108.3,113.3
John Wall,Hou,G,30.56,32,31.8,66.3,31.6,14.3,169,0.746,378,0.442,195,0.318,0.454,0.499,20.2,3.4,5.6,6.8,36.8,1.03,0.78,3.38,9.8,99.2,113.5
Brad Wanamaker,Gol,G,31.68,39,16,33.4,16,15.8,56,0.893,112,0.429,61,0.213,0.39,0.468,4.7,1.7,5.6,2.5,21,0.67,0.15,0.95,6.8,98.7,106.5
Brad Wanamaker,Cha,G,31.68,1,3.8,7.9,11.3,100,0,0,0,0,0,0,,,0,0,0,0,0,0,0,1,0,,
T.J. Warren,Ind,F,27.57,4,29.4,61.1,21.8,6.7,10,0.8,44,0.614,7,0,0.529,0.56,15.5,3.5,6.7,1.3,6.6,0.5,0,1,5.6,107,103.4
P.J. Washington,Cha,F,22.6,41,29.9,62.3,18.7,17,107,0.776,251,0.474,147,0.381,0.51,0.549,11.9,6.7,12.1,2.8,13.6,1.02,1.29,2.22,8.1,104.5,105.1
Yuta Watanabe,Tor,G-F,26.46,28,11.3,23.5,11.1,9.8,10,0.9,34,0.294,35,0.371,0.428,0.463,2.4,3,14.8,0.5,5.5,0.43,0.5,0.29,5.4,104.9,106.3
Tremont Waters,Bos,G,23.22,12,8.3,17.3,20.5,27.4,8,0.875,16,0.25,15,0.4,0.419,0.478,2.8,0.7,4.5,2.6,40.8,0.5,0,1.08,8.3,100.3,111.2
Paul Watson,Tor,G,26.25,24,9.8,20.3,11.6,9.6,4,0.5,11,0.455,44,0.455,0.636,0.634,3,1.5,8.2,0.5,6.6,0.17,0.08,0.25,5.3,117.3,103.9
Quinndary Weatherspoon,San,G,24.55,11,4.4,9.2,17,42.4,2,1,8,0.25,2,0,0.2,0.276,0.5,0.3,3.3,0.4,10.1,0.36,0.09,0.73,3.6,42.7,93.3
Russell Westbrook,Was,G,32.38,38,35,72.8,31.8,18.5,247,0.615,561,0.469,158,0.316,0.47,0.5,21.8,10.1,15.4,10.5,47.6,1.26,0.42,4.95,15.1,100.2,105.8
Coby White,Chi,G,21.12,44,31.5,65.7,22.6,13.5,86,0.895,312,0.462,282,0.351,0.492,0.524,15,4.6,8,4.6,20.9,0.52,0.16,2.25,8.7,103.7,108.8
Derrick White,San,G,26.74,20,27.8,57.9,21.6,10.2,53,0.868,102,0.461,121,0.339,0.487,0.534,13.2,2.6,4.9,3.3,17,0.7,1.05,1.4,7,105.5,105.5
Hassan Whiteside,Sac,C,31.8,28,14.9,31,24,13.8,63,0.524,172,0.558,1,0,0.555,0.56,8,6,22.5,0.6,5.8,0.21,1.39,1.14,8.2,106.4,104.8
Greg Whittington,Den,F,28.14,4,3,6.3,10.9,0,0,0,1,0,2,0,0,0,0,0,0,0,0,0,0,0,0,,
Andrew Wiggins,Gol,F,26.1,47,32.3,67.3,23.6,10.8,166,0.705,438,0.516,239,0.397,0.544,0.569,18.2,4.8,7.8,2.2,10.8,0.91,0.94,1.94,7.1,105.3,108.9
Robert Williams III,Bos,C-F,23.45,40,18,37.6,15.2,15.7,59,0.644,188,0.718,1,0,0.714,0.716,7.7,6.7,20.8,1.6,12.7,0.88,1.88,1,9.7,136.3,101.3
Grant Williams,Bos,F,22.33,39,18.9,39.3,11.9,16.7,36,0.528,73,0.507,81,0.407,0.562,0.565,4.9,3.2,9.4,1,7.1,0.56,0.38,0.87,5.3,108.6,102.3
Kenrich Williams,Okc,G-F,26.32,46,19.8,41.3,14.5,14.8,37,0.541,174,0.632,69,0.435,0.638,0.636,7.2,4,10.6,1.9,14.7,0.72,0.2,0.98,7.7,120.5,104.9
Lou Williams,Lac,G,34.42,42,21.9,45.5,26.5,12,119,0.866,311,0.437,119,0.378,0.473,0.529,12.1,2.1,5.4,3.4,23.1,0.93,0.1,1.57,8.1,107.9,110.7
Zion Williamson,Nor,F,20.73,44,32.8,68.3,29.2,11.4,373,0.708,689,0.633,23,0.348,0.629,0.662,26.4,7.1,12,3.5,18.5,0.93,0.68,2.57,10.6,126.5,111
Patrick Williams,Chi,F,19.59,44,28.3,58.9,15.5,14.2,77,0.766,255,0.506,97,0.371,0.52,0.551,9.7,4.9,9.6,1.3,6.1,0.7,0.73,1.45,5.6,102.6,108.3
D.J. Wilson,Mil,F,25.11,12,8.7,18.2,19.2,8.4,2,0.5,15,0.4,28,0.357,0.488,0.49,3.6,2.1,12.6,0.3,3.7,0.08,0.33,0.33,6,96.2,100.7
D.J. Wilson,Hou,F-C,25.11,7,13.1,27.2,19.4,16.8,6,0.833,17,0.471,15,0.467,0.578,0.606,6,3.6,14.5,0.7,8.6,0.14,0.71,1,7.6,107.4,97.8
Dylan Windler,Cle,G-F,24.52,31,16.5,34.5,14.8,18.3,27,0.778,53,0.585,78,0.333,0.534,0.563,5.2,3.5,11.6,1.1,9.3,0.61,0.39,1.03,6.6,102.2,107.9
Justise Winslow,Mem,F-G,25.01,16,21,43.8,22.2,14,16,0.563,105,0.429,41,0.122,0.36,0.372,7.1,4.8,12.2,1.8,11.3,0.75,0.44,1.56,7.5,77,102.8
Cassius Winston,Was,G,23.08,10,5.7,11.9,12.3,5.9,2,1,5,0.2,10,0.5,0.567,0.598,1.9,0.7,6.5,1,22.9,0,0.1,0.1,7.7,131.5,110.6
James Wiseman,Gol,C,20,33,21.6,45,24,12.7,81,0.63,281,0.544,33,0.333,0.54,0.558,11.8,5.9,14.5,0.6,4.5,0.3,1.03,1.55,6.4,99.9,97.5
Robert Woodard II,Sac,F,21.52,9,2.5,5.3,32.9,5.7,8,0.375,9,0.556,4,0.25,0.5,0.484,1.8,1,21.9,0,0,0,0.11,0.11,0,,
Christian Wood,Hou,F,25.51,23,31,64.7,26.1,9.4,97,0.67,251,0.622,103,0.379,0.606,0.623,21.5,9.8,16.7,1.3,7.9,0.83,1.39,1.78,8.4,114.2,106.3
Delon Wright,Det,G,28.92,36,29.2,60.9,15.8,12.6,90,0.789,204,0.515,89,0.348,0.517,0.562,10.4,4.6,8.8,5,26.2,1.58,0.53,1.33,8.5,119.4,110.1
Delon Wright,Sac,G,28.92,2,22.9,47.6,9.6,19.6,5,0.8,4,0.25,2,0,0.167,0.366,3,3.5,8.5,3.5,17.5,0.5,0,1,5.8,92.7,117
Thaddeus Young,Chi,F,32.77,41,24.9,51.8,20.8,17.1,54,0.537,362,0.616,25,0.24,0.599,0.6,12,6.3,14.1,4.4,26.8,1.32,0.61,2.07,11.1,117.2,103
Trae Young,Atl,G,22.53,44,34.4,71.8,32.5,16.5,391,0.875,481,0.48,297,0.36,0.503,0.592,25.6,4,6.4,9.4,45.3,0.82,0.23,4.27,11.5,117.3,112.1
Cody Zeller,Cha,F-C,28.48,26,21.5,44.7,17.7,10.4,58,0.69,161,0.553,20,0.15,0.517,0.55,8.7,6.9,17.5,2.1,14.6,0.69,0.42,0.92,9.3,119.1,102.5
Ivica Zubac,Lac,C,24.03,48,21,43.8,15.4,14.8,115,0.826,245,0.645,3,0,0.637,0.688,8.6,7.2,19.3,1.1,7.4,0.44,0.92,1.08,7.8,135.2,100.6
Chandler Hutchison,Was,F-G,24.92,1,25.1,52.3,23.2,21.4,0,0,8,0.75,3,0.667,0.818,0.818,18,5,10.6,0,0,0,0,3,0,107.9,110.5
Wes Iwundu,Nor,F,26.28,1,4.6,9.6,9.3,0,0,0,1,0,0,0,0,0,0,1,12.1,0,0,0,0,0,0,0,118.7
Evan Fournier,Bos,G-F,28.41,1,32.6,67.9,14.5,9.1,0,0,5,0,5,0,0,0,0,2,3.4,0,0,2,2,1,0,0,107.4
Nemanja Bjelica,Mia,F,32.89,1,5,10.4,9,100,0,0,0,0,0,0,,,0,1,11.1,0,0,0,0,1,0,,67.8
Avery Bradley,Hou,G,30.34,1,14.7,30.6,17.4,0,0,0,2,0,4,0.25,0.25,0.25,3,2,7.2,3,27.7,2,0,0,7.1,78.3,102.8
Nicolo Melli,Dal,F,30.17,1,11.5,24,15.4,0,0,0,3,1,1,0,0.75,0.75,6,3,14.3,0,0,1,0,0,0,160.8,114.9
Tony Bradley,Okc,C-F,23.22,1,14.1,29.4,24.3,50.8,2,1,3,1,0,0,1,1.031,8,5,18.6,1,11.9,1,0,4,9.7,102.3,87.6
Chris Silva,Sac,F,24.52,1,1.2,2.5,71.4,50,0,0,1,1,0,0,1,1,2,0,0,0,0,0,0,1,0,,
Isaiah Hartenstein,Cle,C-F,22.9,1,26.2,54.6,16.4,10.1,2,0,5,0.2,3,0.333,0.313,0.282,5,14,29.6,7,36.9,0,1,1,12,91.4,88.6
Daniel Theis,Chi,F,28.98,1,22.1,46,12.5,15.5,1,0,4,0.75,1,0,0.6,0.551,6,2,5,3,18.3,1,2,1,6,112.9,117.4